[20:57:06] [main/INFO]: Loading Minecraft 1.20.1 with Fabric Loader 0.18.4
[20:57:06] [ForkJoinPool-1-worker-4/WARN]: The mod "dungeons_arise" contains invalid entries in its mod json:
- Unsupported root entry "credits" at line 12 column 12
[20:57:07] [ForkJoinPool-1-worker-3/WARN]: Mod wither_spawn_fix uses the version MC1.20.1-1.0.0 which isn't compatible with Loader's extended semantic version format (Could not parse version number component 'MC1'!), SemVer is recommended for reliably evaluating dependencies and prioritizing newer version
[20:57:07] [ForkJoinPool-1-worker-2/WARN]: Mod netherdepthsupgrade uses the version fabric-3.1.6-1.20 which isn't compatible with Loader's extended semantic version format (Could not parse version number component 'fabric'!), SemVer is recommended for reliably evaluating dependencies and prioritizing newer version
[20:57:07] [ForkJoinPool-1-worker-3/WARN]: The mod "openblocks" contains invalid entries in its mod json:
- Unsupported root entry "client" at line 24 column 11
[20:57:07] [ForkJoinPool-1-worker-1/WARN]: Mod magna uses the version ${version} which isn't compatible with Loader's extended semantic version format (Could not parse version number component '${version}'!), SemVer is recommended for reliably evaluating dependencies and prioritizing newer version
[20:57:07] [ForkJoinPool-1-worker-3/WARN]: Mod oceansdelight uses the version fdrf-fabric-1.0.2-1.20 which isn't compatible with Loader's extended semantic version format (Could not parse version number component 'fdrf'!), SemVer is recommended for reliably evaluating dependencies and prioritizing newer version
[20:57:07] [ForkJoinPool-1-worker-1/WARN]: Mod ends_delight uses the version refabricated-1.20.1-2.5 which isn't compatible with Loader's extended semantic version format (Could not parse version number component 'refabricated'!), SemVer is recommended for reliably evaluating dependencies and prioritizing newer version
[20:57:08] [ForkJoinPool-1-worker-1/WARN]: Mod naturalist uses the version 5.0pre3 which isn't compatible with Loader's extended semantic version format (Could not parse version number component '0pre3'!), SemVer is recommended for reliably evaluating dependencies and prioritizing newer version
[20:57:08] [main/INFO]: Dependencies overridden for cynosure, smoothgui, create_questing, estrogen, thermoo, prominent, bettertrims, frostiful, chatanimation, copycats
[20:57:08] [main/WARN]: Warnings were found!
 - Mod 'Alloy Forgery' (alloy_forgery) 2.1.2+1.20 recommends version 12.0.0 or later of roughlyenoughitems, which is missing!
	 - You should install version 12.0.0 or later of roughlyenoughitems for the optimal experience.
 - Mod 'Botania' (botania) 1.20.1-451-FABRIC conflicts with any version of mod 'Open Parties and Claims' (openpartiesandclaims), which is present with the following versions: 0.25.5!
	 - While this won't prevent you from starting the game, the developer(s) of mod 'Botania' (botania) have found that this combination may cause issues. You should remove one of the mods or check for updates that resolve the issue.
 - Mod 'Debugify' (debugify) 1.20.1+2.0 recommends any 3.x version of yet-another-config-lib, which is missing!
	 - You should install any 3.x version of yet-another-config-lib for the optimal experience.
 - Mod 'SimplySkills' (simplyskills) 1.7.2+1.20.1 recommends version 1.4.2+1.20.1 or later of amethyst_core, which is missing!
	 - You should install version 1.4.2+1.20.1 or later of amethyst_core for the optimal experience.
 - Mod 'Spellblades and Such' (spellbladenext) 2.3.0+1.20.1 recommends version 1.2.0+1.20.1 of mod 'Paladins & Priests (RPG Series)' (paladins), but only the wrong version is present: 1.4.0+1.20.1!
	 - You should install version 1.2.0+1.20.1 of mod 'Paladins & Priests (RPG Series)' (paladins) for the optimal experience.
[20:57:08] [main/INFO]: Loading 550 mods:
	- aaa_particles 1.20.1-1.4.12
	- accessories 1.0.0-beta.48+1.20.1
	   |-- io_wispforest_endec 0.1.8
	   |-- io_wispforest_endec_gson 0.1.5
	   \-- io_wispforest_endec_netty 0.1.4
	- ad_astra 1.15.20
	   \-- javazoom_jlayer 1.0.1
	- ad_astra_giselle_addon 6.19
	- advancednetherite 2.1.3-1.20.1
	- adventurez 1.4.20
	- ae2 15.4.10
	   \-- team_reborn_energy 3.0.0
	- ae2wtlib 15.2.1-fabric
	- alloy_forgery 2.1.2+1.20
	- allthetrims 3.4.3
	   \-- mixinsquared 0.1.1
	- almostunified 1.20.1-0.11.0
	- alternate-current 1.9.0
	- amendments 1.20-2.2.5
	- animal_feeding_trough 1.1.0+1.20.1
	- appbot 1.5.2
	- appleskin 2.5.2+mc1.20.1
	- aquamirae 6
	- aqupdcaracal 1.20-2.3.3
	- archers 1.3.0+1.20.1
	   \-- com_github_zsoltmolnarrr_tinyconfig 2.3.2
	- archers_expansion 0.2.6-1.20.1
	   \-- com_github_zsoltmolnarrr_tinyconfig 2.3.2
	- architectury 9.2.14
	- archon 0.8.1
	   |-- com_github_zsoltmolnarrr_tinyconfig 2.3.2
	   |-- omega-config 1.4.0+1.20.1
	   \-- saflib 1.1.0
	- artifacts 9.5.15
	   |-- expandability 9.0.4
	   \-- step-height-entity-attribute 1.2.0
	- ash_api 3.0.2+1.20.1
	- athena 3.1.2
	- attributefix 21.0.5
	- autotag-convention 2.0.2+1.20
	   \-- autotag 2.0.2+1.20
	- azurelib 3.0.15
	- azurelibarmor 2.0.14
	- badpackets 0.4.3
	- balm 7.3.38
	   \-- kuma_api 20.1.12
	- barteringstation 8.0.0
	- bcc 4.0.8
	- bclib 3.0.14
	   \-- wunderlib 1.1.5
	- beekeeperhut 2.0.1
	- better-trim-tooltips 1.0.1
	- betterarcheology 1.2.1-1.20.1
	- bettercombat 1.9.0+1.20.1
	- betterdeserttemples 1.20-Fabric-3.0.3
	   \-- org_reflections_reflections 0.10.2
	- betterdungeons 1.20-Fabric-4.0.4
	- betterend 4.0.11
	- betterend-crashed-ships 1.0.0
	- betterendisland 1.20-Fabric-2.0.6
	- betterfortresses 1.20-Fabric-2.0.6
	- betterjungletemples 1.20-Fabric-2.0.5
	- bettermineshafts 1.20-Fabric-4.0.4
	- betternether 9.0.10
	- betteroceanmonuments 1.20-Fabric-3.0.4
	- betterstrongholds 1.20-Fabric-4.0.3
	- betterthanmending 1.3.0
	- bettertrims 2.3.2
	   \-- mixinsquared 0.1.1
	- betterwitchhuts 1.20-Fabric-3.0.3
	- bewitchment 1.20-10
	   |-- impersonate 2.10.3
	   |-- playerabilitylib 1.8.0
	   |-- reach-entity-attributes 2.4.0
	   \-- terraform-wood-api-v1 7.0.3
	- bewitchment-tweaks 1.0.0
	- blockrunner 8.0.4
	- blockswap 5.0.0.0
	- boatbreakfix 1.0.2
	- bookshelf 20.2.15
	- bosses_of_mass_destruction 1.7.5-1.20.1
	   |-- maelstrom_library 1.6.1-1.20
	   \-- multipart_entities 1.5-1.20
	- botania 1.20.1-451-FABRIC
	   |-- fiber 0.23.0-2
	   |-- reach-entity-attributes 2.4.0
	   \-- step-height-entity-attribute 1.2.0
	- botarium 2.3.4
	   \-- team_reborn_energy 3.0.0
	- brewery 1.1.9
	- buildguide 0.4.8
	- bwncr 3.17.2
	- cardinal-components 5.2.3
	   |-- cardinal-components-base 5.2.3
	   |-- cardinal-components-block 5.2.3
	   |-- cardinal-components-chunk 5.2.3
	   |-- cardinal-components-entity 5.2.3
	   |-- cardinal-components-item 5.2.3
	   |-- cardinal-components-level 5.2.3
	   |-- cardinal-components-scoreboard 5.2.3
	   \-- cardinal-components-world 5.2.3
	- carryon 2.1.2.7
	- chefsdelight 1.0.4-fabric-1.20.1
	   \-- structurized-reborn 1.20.1-01
	- chipped 3.0.7
	- chipped_express 1.3.2
	- chunksavefix 1.0.0
	- chunky 1.3.146
	- cicada 0.14.3+1.20.1
	   \-- org_yaml_snakeyaml 2.2
	- clickadv 1.20.1-3.8
	- cloth-config 11.1.136
	   \-- cloth-basic-math 0.6.1
	- clumps 12.0.0.4
	- collective 8.13
	- combat_effects 1.0.0
	- combatroll 1.3.3+1.20.1
	- comforts 6.4.0+1.20.1
	- commonnetworking 1.0.5-1.20.1
	- computercraft 1.113.1
	   |-- cc_tweaked_cobalt 0.9.3
	   |-- com_electronwill_night-config_core 3.6.7
	   |-- com_electronwill_night-config_toml 3.6.7
	   |-- com_jcraft_jzlib 1.1.3
	   |-- io_netty_netty-codec-http 4.1.82
	   |-- io_netty_netty-codec-socks 4.1.82
	   \-- io_netty_netty-handler-proxy 4.1.82
	- connectiblechains 2.5.7+1.20.1
	- connectivity 1.20.1-7.6
	- convenientdecor 0.4.3
	   \-- omega-config 1.4.0+1.20.1
	- copycats 2.2.2+mc.1.20.1-fabric
	- coroutil 1.20.1-1.3.7
	- crash_assistant 1.11.0
	- create 0.5.1-j-build.1631+mc1.20.1
	   |-- com_google_code_findbugs_jsr305 3.0.2
	   |-- flywheel 0.6.11-4
	   |-- milk 1.2.60
	   |    \-- dripstone_fluid_lib 3.0.2
	   |-- porting_lib_accessors 2.3.8+1.20.1
	   |    \-- porting_lib_core 2.3.8+1.20.1
	   |-- porting_lib_base 2.3.8+1.20.1
	   |    |-- porting_lib_attributes 2.3.8+1.20.1
	   |    |-- porting_lib_common 2.3.8+1.20.1
	   |    |-- porting_lib_core 2.3.8+1.20.1
	   |    |-- porting_lib_fluids 2.3.8+1.20.1
	   |    |-- porting_lib_gui_utils 2.3.8+1.20.1
	   |    |-- porting_lib_mixin_extensions 2.3.8+1.20.1
	   |    |-- porting_lib_utility 2.3.8+1.20.1
	   |    \-- reach-entity-attributes 2.4.0
	   |-- porting_lib_brewing 2.3.8+1.20.1
	   |    \-- porting_lib_core 2.3.8+1.20.1
	   |-- porting_lib_client_events 2.3.8+1.20.1
	   |    \-- porting_lib_core 2.3.8+1.20.1
	   |-- porting_lib_entity 2.3.8+1.20.1
	   |    |-- porting_lib_core 2.3.8+1.20.1
	   |    \-- porting_lib_mixin_extensions 2.3.8+1.20.1
	   |-- porting_lib_extensions 2.3.8+1.20.1
	   |    |-- porting_lib_attributes 2.3.8+1.20.1
	   |    |-- porting_lib_common 2.3.8+1.20.1
	   |    |-- porting_lib_core 2.3.8+1.20.1
	   |    \-- reach-entity-attributes 2.4.0
	   |-- porting_lib_models 2.3.8+1.20.1
	   |    |-- porting_lib_core 2.3.8+1.20.1
	   |    |-- porting_lib_fluids 2.3.8+1.20.1
	   |    \-- porting_lib_model_loader 2.3.8+1.20.1
	   |-- porting_lib_networking 2.3.8+1.20.1
	   |    \-- porting_lib_core 2.3.8+1.20.1
	   |-- porting_lib_obj_loader 2.3.8+1.20.1
	   |    |-- porting_lib_core 2.3.8+1.20.1
	   |    \-- porting_lib_model_loader 2.3.8+1.20.1
	   |-- porting_lib_tags 3.0
	   |    \-- porting_lib_core 2.3.8+1.20.1
	   |-- porting_lib_tool_actions 2.3.8+1.20.1
	   |    \-- porting_lib_core 2.3.8+1.20.1
	   |-- porting_lib_transfer 2.3.8+1.20.1
	   |    |-- porting_lib_core 2.3.8+1.20.1
	   |    \-- porting_lib_fluids 2.3.8+1.20.1
	   |-- reach-entity-attributes 2.4.0
	   \-- registrate-fabric 1.3.79-MC1.20.1
	        |-- com_google_code_findbugs_jsr305 3.0.2
	        |-- porting_lib_data 2.1.1090+1.20
	        |    \-- porting_lib_gametest 2.1.1090+1.20
	        \-- porting_lib_model_generators 2.1.1090+1.20
	             \-- porting_lib_gametest 2.1.1090+1.20
	- create_new_age 1.1.2
	- create_questing 1.0.0
	- createaddition 1.2.6
	- creativecore 2.12.34
	   \-- net_minecraftforge_eventbus 6.0.3
	- creeperoverhaul 3.0.2
	- cristellib 1.1.5
	   \-- blue_endless_jankson 1.2.3
	- croptopia 3.0.3
	- ctov 3.4.14
	- cupboard 1.20.1-2.7
	- custom_entity_attributes 1.0.0
	- customitemattributes 2.0.0
	- darkpaintings 17.0.6
	- darkutils 17.0.6
	- dawn 5.0.0
	   \-- terraform-shapes-api-v1 7.0.1
	- death_knights 1.0.0
	- debugify 1.20.1+2.0
	- decorative_blocks 4.0.3
	- deeperdarker 1.3.3
	   \-- customportalapi 0.0.1-beta64-1.20
	- derelict 1.1.1
	- despawntweaks 1.0.0
	- deuf_refabricated 1.1.0
	- do_a_barrel_roll 3.6.1+1.20.1
	   \-- mixinsquared 0.1.1
	- doapi 1.2.15
	- doubledoors 7.2
	- dragonfight 1.20.1-4.7
	- dummmmmmy 1.20-2.0.8
	- dungeons_arise 2.1.58
	- dynamic_resource_bars 0.8.1
	- dynamictrim 1.4.1
	   \-- mixinsquared 0.1.1
	- eldritch_end 0.3.4
	- emi 1.1.22+1.20.1+fabric
	- emi_enchanting 0.1.2+1.20.1
	- emi_letsdo_compat 1.8.1
	- emi_loot 0.7.9+1.20.1+fabric
	- emi_ores 1.2+1.20.1+fabric
	- emiprofessions 1.0.4
	- endrem 5.2.4
	- ends_delight refabricated-1.20.1-2.5
	- epherolib 1.2.0
	- estrogen 4.3.4+1.20.1-fabric
	   |-- baubly 1.0.1
	   |-- com_teamresourceful_resourceful-cosmetics-4j 1.0.4
	   |-- critter_lib 0.1-beta.14
	   \-- jukeboxfix 1.0.1
	- eternal_attributes 1.0.0
	- expandeddelight 0.3.2
	   |-- mm 2.3
	   \-- omega-config 1.4.0+1.20.1
	- explorations 1.20.1-1.6.1
	- explorerscompass 1.20.1-2.2.3-fabric
	- explorerscompass_addon 1.0.0
	- explorify 1.6.4
	- extendedae 1.20-1.0.2-fabric
	   \-- configuration 2.2.0
	- extra-mod-integrations 0.4.7+1.20.1
	- extraspellattributes 1.3.2
	- extremesoundmuffler 3.51
	   \-- fiber 0.23.0-2
	- fabric-api 0.92.7+1.20.1
	   |-- fabric-api-base 0.4.32+1802ada577
	   |-- fabric-api-lookup-api-v1 1.6.37+1802ada577
	   |-- fabric-biome-api-v1 13.0.15+93aa238b77
	   |-- fabric-block-api-v1 1.0.12+1802ada577
	   |-- fabric-block-view-api-v2 1.0.3+924f046a77
	   |-- fabric-blockrenderlayer-v1 1.1.42+1802ada577
	   |-- fabric-client-tags-api-v1 1.1.3+1802ada577
	   |-- fabric-command-api-v1 1.2.35+f71b366f77
	   |-- fabric-command-api-v2 2.2.14+1802ada577
	   |-- fabric-commands-v0 0.2.52+df3654b377
	   |-- fabric-containers-v0 0.1.67+df3654b377
	   |-- fabric-content-registries-v0 4.0.13+1802ada577
	   |-- fabric-convention-tags-v1 1.5.6+1802ada577
	   |-- fabric-crash-report-info-v1 0.2.20+1802ada577
	   |-- fabric-data-attachment-api-v1 1.0.2+de0fd6d177
	   |-- fabric-data-generation-api-v1 12.3.7+1802ada577
	   |-- fabric-dimensions-v1 2.1.55+1802ada577
	   |-- fabric-entity-events-v1 1.6.1+1c78457f77
	   |-- fabric-events-interaction-v0 0.6.5+13a40c6677
	   |-- fabric-events-lifecycle-v0 0.2.64+df3654b377
	   |-- fabric-game-rule-api-v1 1.0.41+1802ada577
	   |-- fabric-item-api-v1 2.1.29+1802ada577
	   |-- fabric-item-group-api-v1 4.0.14+1802ada577
	   |-- fabric-key-binding-api-v1 1.0.38+1802ada577
	   |-- fabric-keybindings-v0 0.2.36+df3654b377
	   |-- fabric-lifecycle-events-v1 2.2.23+1802ada577
	   |-- fabric-loot-api-v2 1.2.3+1802ada577
	   |-- fabric-loot-tables-v1 1.1.47+9e7660c677
	   |-- fabric-message-api-v1 5.1.10+1802ada577
	   |-- fabric-mining-level-api-v1 2.1.52+1802ada577
	   |-- fabric-model-loading-api-v1 1.0.4+1802ada577
	   |-- fabric-models-v0 0.4.3+9386d8a777
	   |-- fabric-networking-api-v1 1.3.14+a158aa0477
	   |-- fabric-networking-v0 0.3.54+df3654b377
	   |-- fabric-object-builder-api-v1 11.1.5+e35120df77
	   |-- fabric-particles-v1 1.1.3+1802ada577
	   |-- fabric-recipe-api-v1 1.0.24+1802ada577
	   |-- fabric-registry-sync-v0 2.3.6+1802ada577
	   |-- fabric-renderer-api-v1 3.2.2+1802ada577
	   |-- fabric-renderer-indigo 1.5.3+85287f9f77
	   |-- fabric-renderer-registries-v1 3.2.47+df3654b377
	   |-- fabric-rendering-data-attachment-v1 0.3.39+92a0d36777
	   |-- fabric-rendering-fluids-v1 3.0.29+1802ada577
	   |-- fabric-rendering-v0 1.1.50+df3654b377
	   |-- fabric-rendering-v1 3.0.9+1802ada577
	   |-- fabric-resource-conditions-api-v1 2.3.9+1802ada577
	   |-- fabric-resource-loader-v0 0.11.12+fb82e9d777
	   |-- fabric-screen-api-v1 2.0.9+1802ada577
	   |-- fabric-screen-handler-api-v1 1.3.33+1802ada577
	   |-- fabric-sound-api-v1 1.0.14+1802ada577
	   |-- fabric-transfer-api-v1 3.3.6+8dd72ea377
	   \-- fabric-transitive-access-wideners-v1 4.3.2+1802ada577
	- fabric-language-kotlin 1.13.9+kotlin.2.3.10
	   |-- org_jetbrains_kotlin_kotlin-reflect 2.3.10
	   |-- org_jetbrains_kotlin_kotlin-stdlib 2.3.10
	   |-- org_jetbrains_kotlin_kotlin-stdlib-jdk7 2.3.10
	   |-- org_jetbrains_kotlin_kotlin-stdlib-jdk8 2.3.10
	   |-- org_jetbrains_kotlinx_atomicfu-jvm 0.31.0
	   |-- org_jetbrains_kotlinx_kotlinx-coroutines-core-jvm 1.10.2
	   |-- org_jetbrains_kotlinx_kotlinx-coroutines-jdk8 1.10.2
	   |-- org_jetbrains_kotlinx_kotlinx-datetime-jvm 0.7.1
	   |-- org_jetbrains_kotlinx_kotlinx-io-bytestring-jvm 0.8.2
	   |-- org_jetbrains_kotlinx_kotlinx-io-core-jvm 0.8.2
	   |-- org_jetbrains_kotlinx_kotlinx-serialization-cbor-jvm 1.10.0
	   |-- org_jetbrains_kotlinx_kotlinx-serialization-core-jvm 1.10.0
	   \-- org_jetbrains_kotlinx_kotlinx-serialization-json-jvm 1.10.0
	- fabricloader 0.18.4
	   \-- mixinextras 0.5.0
	- fakerlib 0.1.5
	   \-- mixinsquared 0.1.1
	- fancy_hotbar 1.0.0
	- farmersdelight 1.20.1-2.4.1+refabricated
	   |-- mm 2.3
	   |-- porting_lib_accessors 2.3.8+1.20.1
	   |    \-- porting_lib_core 2.3.8+1.20.1
	   |-- porting_lib_base 2.3.8+1.20.1
	   |    |-- porting_lib_attributes 2.3.8+1.20.1
	   |    |-- porting_lib_common 2.3.8+1.20.1
	   |    |-- porting_lib_core 2.3.8+1.20.1
	   |    |-- porting_lib_fluids 2.3.8+1.20.1
	   |    |-- porting_lib_gui_utils 2.3.8+1.20.1
	   |    |-- porting_lib_mixin_extensions 2.3.8+1.20.1
	   |    |-- porting_lib_utility 2.3.8+1.20.1
	   |    \-- reach-entity-attributes 2.4.0
	   |-- porting_lib_config 2.3.8+1.20.1
	   |    \-- porting_lib_core 2.3.8+1.20.1
	   |-- porting_lib_lazy_registration 2.3.8+1.20.1
	   |    \-- porting_lib_core 2.3.8+1.20.1
	   |-- porting_lib_loot 2.3.8+1.20.1
	   |    \-- porting_lib_core 2.3.8+1.20.1
	   |-- porting_lib_networking 2.3.8+1.20.1
	   |    \-- porting_lib_core 2.3.8+1.20.1
	   |-- porting_lib_recipe_book_categories 2.3.8+1.20.1
	   |    \-- porting_lib_core 2.3.8+1.20.1
	   |-- porting_lib_tags 3.0
	   |    \-- porting_lib_core 2.3.8+1.20.1
	   \-- porting_lib_tool_actions 2.3.8+1.20.1
	        \-- porting_lib_core 2.3.8+1.20.1
	- farmersknives 3.2
	- faster-random 5.1.0
	- fastpaintings 1.20-1.2.7
	- faux-custom-entity-data 6.0.1
	- ferritecore 6.0.1
	- fishontheline 3.5
	- flowerymooblooms 2.0.2
	- forgeconfigapiport 8.0.2
	- forgeconfigscreens 8.0.2
	- friendsandfoes 3.0.9
	   \-- reach-entity-attributes 2.4.0
	- frostiful 1.0.11
	   \-- mm 2.3
	- ftblibrary 2001.2.9
	- ftbquests 2001.4.13
	   \-- team_reborn_energy 3.0.0
	- ftbteams 2001.3.1
	- ftbxmodcompat 2.1.3
	- fwaystones 3.3.3+mc1.20.1
	- fzzy_config 0.7.0+1.20.1
	   |-- fabric-permissions-api-v0 0.3.1
	   \-- net_peanuuutz_tomlkt_tomlkt-jvm 0.3.7
	- geckolib 4.7.4
	   \-- com_eliotlash_mclib_mclib 20
	- geophilic 3.4.6
	- grassoverhaul 25.1.31
	- graveyard 3.0
	- gun-scaling 2.1.0
	   \-- com_github_zsoltmolnarrr_tinyconfig 2.3.2
	- handcrafted 3.0.6
	- herbalbrews 1.0.12
	- highlight 2.0.1
	- icarus 2.13.1
	- iceberg 1.1.25
	- idwtialsimmoedm 0.3.1+1.20
	- immersive_melodies 0.5.0+1.20.1
	- immersive_optimization 0.1.4
	- immersivelanterns 1.0.4
	- immersivemessages 1.0.6
	   \-- mm 2.3
	- indrev 1.16.5-BETA
	   |-- libgui 8.1.1+1.20.1
	   |    |-- jankson 6.0.0+j1.2.3
	   |    \-- libninepatch 1.2.0
	   |-- noindium 1.1.0+1.19
	   |-- step-height-entity-attribute 1.2.0
	   \-- team_reborn_energy 3.0.0
	- indrev-emi-plugin 1.0.1
	- integrated_api 1.5.3+1.20.1-fabric
	- integrated_villages 1.3.0+1.20.1-fabric
	- inventorysorter 1.9.0-1.20
	   \-- kyrptconfig 1.5.6-1.20
	- invoke 1.0.3.1-1.20.1
	- ironchests 5.0.2
	- item_obliterator 2.3.0
	- itemfilters 2001.1.0-build.59
	- jade 11.13.1+fabric
	- jamlib 1.3.5+1.20.1
	- java 17
	- jewelry 1.3.7+1.20.1
	   \-- com_github_zsoltmolnarrr_tinyconfig 2.3.2
	- justhammers 20.1.5+mc1.20.1
	- kibe 1.10.1-BETA+1.20
	   \-- playerabilitylib 1.8.0
	- kleeslabs 15.0.4
	- konkrete 1.8.1
	- leavesbegone 8.0.0
	- libz 1.0.3
	- lithium 0.11.4
	- lithostitched 1.4.11
	- lmft 1.1.1+1.21.9
	- logbegone 1.0.8
	- lootintegrations 1.20.1-4.7
	- lootintegrations_integrated 1
	- lootintegrations_moog 1.8
	- lootr 0.7.35.86
	- ltxtbfix 1.20.1-fabric-1.0.1
	- magnumtorch 8.0.2
	- mavapi 1.1.4
	- mavm 1.2.6
	- mcda 5.0.2
	- mcdw 9.0.4
	- mcwholidays 1.1.2
	- megacells 2.4.6-1.20.1
	- melody 1.0.3
	- memorysettings 1.20.1-5.9
	- merequester 1.20.1-1.1.4
	- mes 1.4.6-1.20-fabric
	- midnightlib 1.9.2
	- minecells 1.9.2
	   \-- gimm1q 0.7.9+1.20.1
	        \-- com_github_redempt_crunch 2.0.3
	- minecraft 1.20.1
	- mixintrace 1.1.1+1.17
	- mmmindicators 1.0.0
	- mobhealthbar 2.3.0
	- mobs_of_mythology 2.1.2
	- modern_industrialization 1.8.6
	   |-- magna 1.10.1+1.20.1
	   |-- noindium 1.1.0+1.20
	   |-- playerabilitylib 1.8.0
	   \-- team_reborn_energy 3.0.0
	- modernfix 5.24.3+mc1.20.1
	- modpack-update-checker 0.15.6
	   \-- mpuc_lavendermd 0.1.2
	- moogs_structures 1.1.0-1.20-1.20.4
	- moonlight 1.20-2.16.28
	   \-- mixinsquared 0.1.1
	- more_armor_trims 1.5.0-1.20.1
	- more_rpg_classes 1.2.18-1.20.1
	   \-- com_github_zsoltmolnarrr_tinyconfig 2.3.2
	- moremobvariants 1.3.1
	- moretotems 2.16.0
	- mutant-skeleton-armor-tweaks 2.1.0
	- mutantmonsters 8.0.8
	   \-- extensibleenums 7.0.1
	- mvs 5.0.4
	- mythicmounts 1.20.1-7.2
	- mythicupgrades 4.2.0+mc1.20.1
	- naturalist 5.0pre3
	- naturescompass 1.20.1-2.2.3-fabric
	- necronomicon 1.6.0
	- nerb 0.4.1
	- neruina 2.3.1-beta.1
	   |-- com_fasterxml_jackson_core_jackson-annotations 2.17.0
	   |-- com_fasterxml_jackson_core_jackson-core 2.17.0
	   |-- com_fasterxml_jackson_core_jackson-databind 2.17.0
	   |-- org_apache_httpcomponents_client5_httpclient5 5.3.1
	   |-- org_apache_httpcomponents_core5_httpcore5 5.3.1
	   |-- org_apache_maven_maven-artifact 3.8.1
	   \-- org_kohsuke_github-api 1.318
	- netherchested 8.0.4
	   \-- puzzlesapi 8.1.7
	- netherdepthsupgrade fabric-3.1.6-1.20
	- netherportalfix 13.0.1
	- nightconfigfixes 8.0.0
	- nochatreports 1.20.1-v2.2.2
	   |-- fabric-rendering-v1 3.0.6+b3afc78b82
	   \-- fabric-screen-api-v1 2.0.6+b3afc78b82
	- obscure_api 16
	- oceansdelight fdrf-fabric-1.0.2-1.20
	- octolib 0.5.0.1
	   \-- org_yaml_snakeyaml 2.2
	- offhandtickfix 1.0.0
	- onlyexcavators 1.20.1-0.8
	- opacpvp 1.0.0
	- openblocks 0.0.3-1.20.1
	- openpartiesandclaims 0.25.5
	- owo 0.11.2+1.20
	- oxidized 1.8.2
	- packetfixer 3.3.1
	- paladins 1.4.0+1.20.1
	   \-- com_github_zsoltmolnarrr_tinyconfig 2.3.2
	- patchouli 1.20.1-84-FABRIC
	   \-- fiber 0.23.0-2
	- paxi 1.20-Fabric-4.0
	- pehkui 3.8.3+1.14.4-1.21
	   \-- kanos_config 0.4.1+1.14.4-1.19.4
	- philipsruins 5.7
	- pigpen 15.0.3
	- pingwheel 1.12.1
	- piratesdoom 1.0.0
	- player-animator 1.0.2-rc1+1.20
	- polyeng 0.1.1-1.20.1
	- polymorph 0.49.10+1.20.1
	   \-- spectrelib 0.13.17+1.20.1
	- powah 5.0.11
	- projectile_damage 3.2.3+1.20.1
	- promenade 4.1.1
	   \-- biolith 1.0.0-alpha.8
	        \-- terraform-surfaces-api-v1 7.0.1
	- prominent 3.0.0
	   |-- prominent_talents 2.8.0
	   \-- sbprom 1.1.0
	        \-- com_github_zsoltmolnarrr_tinyconfig 2.3.2
	- prominent_ost 1.0.0
	- puffish_attributes 0.7.7
	- puffish_skills 0.16.0
	- puzzleslib 8.1.33
	   \-- puzzlesaccessapi 20.1.1
	- quartzelv 2.2.7+1.20.4
	- questkilltask 0.2.0+1.20.1
	- railways 1.6.9+fabric-mc1.20.1
	   \-- mm 2.3
	- ranged_weapon_api 1.1.4+1.20.1
	- rare-ice 0.6.0
	- reacharound 1.3.1
	- rebalance 1.2.0
	- reborncore 5.8.14
	   \-- team_reborn_energy 3.0.0
	- recipeessentials 1.20.1-4.1
	- recipesplitter 1.0-SNAPSHOT
	- redirected 1.0.0
	- regions_unexplored 0.5.6+1.20.1
	- resistance_balancer 1.1.0
	- resourcefulconfig 2.1.3
	- resourcefullib 2.1.29
	   |-- com_teamresourceful_bytecodecs 1.0.2
	   \-- com_teamresourceful_yabn 1.0.3
	- riverredux 0.3.1
	- rogues 1.2.0+1.20.1
	   \-- com_github_zsoltmolnarrr_tinyconfig 2.3.2
	- runelic 18.0.4
	- runes 0.9.13+1.20.1
	- satisfying_buttons 1.1.2
	- serverbrowser 1.3.0
	- shield_api 1.0.1+1.20.1
	- shield_overhaul 2.0.4
	- simple_snowy_fix 2.1.5
	- simply-swords-battle-standard-tweaks 1.3.0
	- simply_houses 1.1.4-1.20.1
	- simplyskills 1.7.2+1.20.1
	- simplyswords 1.56.0-1.20.1
	   \-- spruceui 5.0.0+1.20
	- skinlayers3d 1.10.2
	   |-- transition 1.0.13
	   \-- trender 1.0.10
	- skyvillages 1.0.4-1.19.2-1.20.1
	- smartbrainlib 1.15
	- smoothchunk 1.20.1-4.1
	- smwyg 1.1.1
	- snifferplus 0.3.0
	- sortilege 1.7.5
	   \-- mm 2.3
	- soulsweapons 1.3.1-1.20.1-fabric
	- spark 1.10.53
	- spell-engine-openpac-compat 1.0.0
	- spell_engine 0.15.12+1.20.1
	   \-- com_github_zsoltmolnarrr_tinyconfig 2.3.2
	- spell_power 0.12.0+1.20.1
	   \-- com_github_zsoltmolnarrr_tinyconfig 2.3.2
	- spellbladenext 2.3.0+1.20.1
	   \-- com_github_zsoltmolnarrr_tinyconfig 2.3.2
	- stackdeobfuscator 1.4.3+08e71cc
	   |-- net_fabricmc_mapping-io 0.6.1
	   \-- stackdeobfuscator-common 1.4.3+08e71cc
	- starterkit 7.4
	- stoneworks 8.0.0
	- structure_pool_api 1.0+1.20.1
	- structureessentials 1.20.1-4.8
	- supermartijn642configlib 1.1.8+a
	- supplementaries 1.20-3.1.42
	   \-- mixinsquared 0.1.1
	- swampier_swamps 1.20-4.0.0
	- t_and_t 1.12
	- tclayer 3.8.1+beta.14
	- techreborn 5.8.14
	   \-- team_reborn_energy 3.0.0
	- terrablender 3.0.1.10
	   |-- com_electronwill_night-config_core 3.6.7
	   \-- com_electronwill_night-config_toml 3.6.7
	- thaumon 2.3.0+1.20.1
	- the_bumblezone 7.9.10+1.20.1-fabric
	   \-- noindium 1.1.0+1.20
	- thermoo 2.3.3
	- thiccpackets 1.17-1.19+
	- things 0.3.3+1.20
	   \-- lavender 0.1.0-pre.18+1.20
	        |-- lavender-md 0.1.0-pre.3+1.20
	        \-- lavender-md-owo-ui 0.1.0-pre.3+1.20
	- tiered 1.2.0
	   |-- autotag 2.0.2+1.20
	   \-- reach-entity-attributes 2.4.0
	- tinyskeletons 8.0.1
	- tlc 1.0.1
	- toofast 1.2.0
	- tradingpost 8.0.2
	- transmog 1.3.0+1.20
	- transparent 8.0.1+1.20.1
	- travelersbackpack 9.1.50
	   \-- reach-entity-attributes 2.4.0
	- treechop 0.19.0
	- twigs 3.1.0
	- txnilib 1.0.24
	- unsafe-world-random-access-detector 1.1.0
	- veinmining 1.5.0+1.20.1
	- villagernames 8.2
	- villagersplus 3.1
	- vinery 1.4.41
	- visualworkbench 8.0.1
	- vitalityfix 1.0.0
	- wands 3.0.2
	- watut 1.20.1-1.2.3
	- windchimes 1.2.4+1.20
	- winterly 0.9.3+1.20
	- wither_spawn_fix MC1.20.1-1.0.0
	- wizards 1.4.1+1.20.1
	   \-- com_github_zsoltmolnarrr_tinyconfig 2.3.2
	- xaerominimap 25.3.10
	   \-- xaerolib 1.1.0
	- xaeroworldmap 1.40.11
	   \-- xaerolib 1.1.0
	- yet_another_config_lib_v3 3.6.6+1.20.1-fabric
	   |-- com_twelvemonkeys_common_common-image 3.12.0
	   |-- com_twelvemonkeys_common_common-io 3.12.0
	   |-- com_twelvemonkeys_common_common-lang 3.12.0
	   |-- com_twelvemonkeys_imageio_imageio-core 3.12.0
	   |-- com_twelvemonkeys_imageio_imageio-metadata 3.12.0
	   |-- com_twelvemonkeys_imageio_imageio-webp 3.12.0
	   |-- org_quiltmc_parsers_gson 0.2.1
	   \-- org_quiltmc_parsers_json 0.2.1
	- yigd 2.0.16
	   \-- libgui 8.1.1+1.20.1
	        |-- jankson 6.0.0+j1.2.3
	        \-- libninepatch 1.2.0
	- yosbr 0.1.2
	- ysns 2.0.2
	- yungsapi 1.20-Fabric-4.0.6
	   \-- org_javassist_javassist 3.29.2-GA
	- yungsbridges 1.20-Fabric-4.0.3
	- zenith 1.2.5-1.20.1
	   |-- mm 2.3
	   \-- porting_lib_model_materials 2.3.4+1.20.1
	- zenith_attributes 0.2.10
	   |-- additionalentityattributes 1.7.6+1.20.1
	   |-- playerabilitylib 1.8.0
	   \-- reach-entity-attributes 2.4.0
[20:57:08] [main/WARN]: launchTarget: SERVER. Crash Assistant is client only mod. Mod will do nothing!
[20:57:08] [main/INFO]: Applying default options... (YOSBR)
[20:57:09] [main/INFO]: SpongePowered MIXIN Subsystem Version=0.8.7 Source=file:/workspaces/server-minecraft23423423/servidor_minecraft/libraries/net/fabricmc/sponge-mixin/0.17.0+mixin.0.8.7/sponge-mixin-0.17.0+mixin.0.8.7.jar Service=Knot/Fabric Env=SERVER
[20:57:09] [main/INFO]: Compatibility level set to JAVA_17
[20:57:09] [main/WARN]: Reference map 'coroutil.refmap.json' for coroutil_fabric.mixins.json could not be read. If this is a development environment you can ignore this message
[20:57:09] [main/WARN]: Reference map '[common]ctov-common-refmap.json' for ctov-common.mixins.json could not be read. If this is a development environment you can ignore this message
[20:57:09] [main/INFO]: Preloading Debugify
[20:57:09] [main/WARN]: Reference map 'emi-letsdo-compat-common-refmap.json' for emi_letsdo_compat-common.mixins.json could not be read. If this is a development environment you can ignore this message
[20:57:09] [main/WARN]: Reference map 'graveyard-FABRIC-fabric-refmap.json' for graveyard-fabric.mixins.json could not be read. If this is a development environment you can ignore this message
[20:57:09] [main/WARN]: Reference map 'icarus.refmap.json' for icarus.mixins.json could not be read. If this is a development environment you can ignore this message
[20:57:09] [main/WARN]: Reference map 'icarus.refmap.json' for icarus.fabric.mixins.json could not be read. If this is a development environment you can ignore this message
[20:57:09] [main/INFO]: File exists, reading config for elocindev.item_obliterator.fabric_quilt.config.ConfigEntries.
[20:57:09] [main/INFO]: Config for elocindev.item_obliterator.fabric_quilt.config.ConfigEntries read successfully.
[20:57:09] [main/WARN]: Reference map 'justhammers-common-refmap.json' for justhammers-common.mixins.json could not be read. If this is a development environment you can ignore this message
[20:57:09] [main/INFO]: Loaded configuration file for Lithium: 131 options available, 5 override(s) found
[20:57:10] [main/WARN]: Reference map 'mobhealthbar-fabric-1.20.x-refmap.json' for mobhealthbar.mixins.json could not be read. If this is a development environment you can ignore this message
[20:57:10] [main/INFO]: Loaded configuration file for ModernFix 5.24.3+mc1.20.1: 70 options available, 3 override(s) found
[20:57:10] [main/WARN]: Option 'mixin.perf.faster_item_rendering' overriden (by user configuration) to 'true'
[20:57:10] [main/WARN]: Option 'mixin.perf.dynamic_resources' overriden (by user configuration) to 'true'
[20:57:10] [main/WARN]: Option 'mixin.perf.blast_search_trees' overriden (by user configuration) to 'false'
[20:57:10] [main/INFO]: Applying Nashorn fix
[20:57:10] [main/WARN]: Reference map 'more_armor_trims-refmap.json' for more_armor_trims.mixins.json could not be read. If this is a development environment you can ignore this message
[20:57:10] [main/WARN]: Reference map 'mythic-mounts-refmap.json' for mythic-mounts.mixins.json could not be read. If this is a development environment you can ignore this message
[20:57:10] [main/WARN]: Reference map 'oceansdelight-refmap.json' for oceansdelight.mixins.json could not be read. If this is a development environment you can ignore this message
[20:57:10] [main/WARN]: Reference map 'OctoLib-COMMON-common-refmap.json' for octolib-common.mixins.json could not be read. If this is a development environment you can ignore this message
[20:57:10] [main/INFO]: Packet Fixer fabric 1.19.3-1.20.1 has been applied successfully.
[20:57:10] [main/WARN]: Reference map 'puffish_attributes-refmap.json' for puffish_attributes.mixins.json could not be read. If this is a development environment you can ignore this message
[20:57:10] [main/WARN]: Reference map 'puzzlesaccessapi.common.refmap.json' for puzzlesaccessapi.common.mixins.json could not be read. If this is a development environment you can ignore this message
[20:57:10] [main/WARN]: Reference map 'puzzlesaccessapi.fabric.refmap.json' for puzzlesaccessapi.fabric.mixins.json could not be read. If this is a development environment you can ignore this message
[20:57:10] [main/WARN]: Reference map 'simplyswords-fabric-refmap.json' for simplyswords.mixins.json could not be read. If this is a development environment you can ignore this message
[20:57:10] [main/WARN]: Reference map 'starterkit_fabric.refmap.json' for starterkit_fabric.mixins.json could not be read. If this is a development environment you can ignore this message
[20:57:10] [main/WARN]: Reference map 'supermartijn642configlib.mixins.refmap.json' for supermartijn642configlib.mixins.json could not be read. If this is a development environment you can ignore this message
[20:57:10] [main/WARN]: Reference map 'thaumon-common-refmap.json' for thaumon-common.mixins.json could not be read. If this is a development environment you can ignore this message
[20:57:10] [main/WARN]: Error loading class: net/minecraft/class_881 (java.lang.ClassNotFoundException: net/minecraft/class_881)
[20:57:10] [main/WARN]: @Mixin target net.minecraft.class_881 was not found porting_lib_base.mixins.json:client.BoatRendererMixin from mod porting_lib_base
[20:57:10] [main/WARN]: Error loading class: net/minecraft/class_525 (java.lang.ClassNotFoundException: net/minecraft/class_525)
[20:57:10] [main/WARN]: @Mixin target net.minecraft.class_525 was not found porting_lib_base.mixins.json:client.CreateWorldScreenMixin from mod porting_lib_base
[20:57:10] [main/WARN]: Error loading class: net/minecraft/class_906 (java.lang.ClassNotFoundException: net/minecraft/class_906)
[20:57:10] [main/WARN]: @Mixin target net.minecraft.class_906 was not found porting_lib_tool_actions.mixins.json:FishingHookRendererMixin from mod porting_lib_tool_actions
[20:57:10] [main/WARN]: Error loading class: net/minecraft/class_761 (java.lang.ClassNotFoundException: net/minecraft/class_761)
[20:57:10] [main/WARN]: @Mixin target net.minecraft.class_761 was not found accessories-common.mixins.json:LevelRendererAccessor from mod accessories
[20:57:11] [main/WARN]: Error loading class: io/github/apace100/apoli/power/factory/condition/ConditionFactory (java.lang.ClassNotFoundException: io/github/apace100/apoli/power/factory/condition/ConditionFactory)
[20:57:11] [main/WARN]: Error loading class: link/infra/indium/renderer/helper/GeometryHelper (java.lang.ClassNotFoundException: link/infra/indium/renderer/helper/GeometryHelper)
[20:57:11] [main/WARN]: Error loading class: net/fabricmc/fabric/impl/client/indigo/renderer/helper/GeometryHelper (java.lang.ClassNotFoundException: net/fabricmc/fabric/impl/client/indigo/renderer/helper/GeometryHelper)
[20:57:11] [main/WARN]: Error loading class: me/jellysquid/mods/lithium/common/ai/pathing/PathNodeDefaults (java.lang.ClassNotFoundException: me/jellysquid/mods/lithium/common/ai/pathing/PathNodeDefaults)
[20:57:11] [main/WARN]: Error loading class: net/minecraft/class_310 (java.lang.ClassNotFoundException: net/minecraft/class_310)
[20:57:11] [main/WARN]: @Mixin target net.minecraft.class_310 was not found mixins.dynamic_resource_bars.json:compat.farmersdelight.BaseOverlayMixin from mod dynamic_resource_bars
[20:57:11] [main/INFO]: Loading Faster Random.
[20:57:11] [main/WARN]: Error loading class: net/minecraft/class_632 (java.lang.ClassNotFoundException: net/minecraft/class_632)
[20:57:11] [main/WARN]: @Mixin target net.minecraft.class_632 was not found lavender.mixins.json:ClientAdvancementManagerAccessor from mod lavender
[20:57:11] [main/WARN]: Force-disabling mixin 'ai.nearby_entity_tracking.EntityMixin' as rule 'mixin.ai.nearby_entity_tracking' (added by user configuration) disables it and children
[20:57:11] [main/WARN]: Force-disabling mixin 'ai.nearby_entity_tracking.EntityTrackingSectionMixin' as rule 'mixin.ai.nearby_entity_tracking' (added by user configuration) disables it and children
[20:57:11] [main/WARN]: Force-disabling mixin 'ai.nearby_entity_tracking.ServerEntityManagerAccessor' as rule 'mixin.ai.nearby_entity_tracking' (added by user configuration) disables it and children
[20:57:11] [main/WARN]: Force-disabling mixin 'ai.nearby_entity_tracking.ServerEntityManagerListenerMixin' as rule 'mixin.ai.nearby_entity_tracking' (added by user configuration) disables it and children
[20:57:11] [main/WARN]: Force-disabling mixin 'ai.nearby_entity_tracking.ServerEntityManagerMixin' as rule 'mixin.ai.nearby_entity_tracking' (added by user configuration) disables it and children
[20:57:11] [main/WARN]: Force-disabling mixin 'ai.nearby_entity_tracking.ServerWorldAccessor' as rule 'mixin.ai.nearby_entity_tracking' (added by user configuration) disables it and children
[20:57:11] [main/WARN]: Force-disabling mixin 'ai.nearby_entity_tracking.goals.FleeEntityGoalMixin' as rule 'mixin.ai.nearby_entity_tracking' (added by user configuration) disables it and children
[20:57:11] [main/WARN]: Force-disabling mixin 'ai.nearby_entity_tracking.goals.LookAtEntityGoalMixin' as rule 'mixin.ai.nearby_entity_tracking' (added by user configuration) disables it and children
[20:57:11] [main/WARN]: Force-disabling mixin 'ai.task.memory_change_counting.BrainMixin' as rule 'mixin.ai.task.memory_change_counting' (added by mods [smartbrainlib]) disables it and children
[20:57:11] [main/WARN]: Force-disabling mixin 'ai.task.memory_change_counting.MultiTickTaskMixin' as rule 'mixin.ai.task.memory_change_counting' (added by mods [smartbrainlib]) disables it and children
[20:57:11] [main/WARN]: Force-disabling mixin 'alloc.blockstate.StateMixin' as rule 'mixin.alloc.blockstate' (added by mods [ferritecore]) disables it and children
[20:57:11] [main/WARN]: Force-disabling mixin 'block.moving_block_shapes.PistonBlockEntityMixin' as rule 'mixin.block.moving_block_shapes' (added by mods [supplementaries]) disables it and children
[20:57:11] [main/WARN]: Force-disabling mixin 'block.moving_block_shapes.VoxelShapeMixin' as rule 'mixin.block.moving_block_shapes' (added by mods [supplementaries]) disables it and children
[20:57:11] [main/WARN]: Error loading class: net/minecraft/class_3494$class_3495 (java.lang.ClassNotFoundException: net/minecraft/class_3494$class_3495)
[20:57:12] [main/WARN]: Error loading class: net/minecraft/class_337$1 (java.lang.ClassNotFoundException: net/minecraft/class_337$1)
[20:57:12] [main/WARN]: @Mixin target net/minecraft/class_337$1 was not found minecells.mixins.json:client.hud.BossBarUpdaterMixin from mod minecells
[20:57:12] [main/WARN]: @Mixin target net.minecraft.class_525 was not found moonlight.mixins.json:CreateWorldScreenMixin from mod moonlight
[20:57:12] [main/WARN]: Error loading class: fr/catcore/server/translations/api/resource/language/SystemDelegatedLanguage (java.lang.ClassNotFoundException: fr/catcore/server/translations/api/resource/language/SystemDelegatedLanguage)
[20:57:12] [main/WARN]: Error loading class: draylar/magna/api/reach/ReachDistanceHelper (java.lang.ClassNotFoundException: draylar/magna/api/reach/ReachDistanceHelper)
[20:57:12] [main/INFO]: Loaded config for: recipeessentials.json
[20:57:12] [main/WARN]: Error loading class: net/minecraft/class_4267 (java.lang.ClassNotFoundException: net/minecraft/class_4267)
[20:57:12] [main/WARN]: @Mixin target net.minecraft.class_4267 was not found serverbrowser.mixins.json:ServerSelectionMixin from mod serverbrowser
[20:57:12] [main/WARN]: Error loading class: net/minecraft/class_329 (java.lang.ClassNotFoundException: net/minecraft/class_329)
[20:57:12] [main/WARN]: @Mixin target net.minecraft.class_329 was not found shield_overhaul.mixins.json:CursorIconMixin from mod shield_overhaul
[20:57:12] [main/INFO]: Loaded config for: structureessentials.json
[20:57:12] [main/WARN]: Error loading class: me/jellysquid/mods/sodium/client/render/chunk/compile/pipeline/FluidRenderer (java.lang.ClassNotFoundException: me/jellysquid/mods/sodium/client/render/chunk/compile/pipeline/FluidRenderer)
[20:57:12] [main/WARN]: Error loading class: com/ishland/c2me/fixes/worldgen/threading_issues/common/CheckedThreadLocalRandom (java.lang.ClassNotFoundException: com/ishland/c2me/fixes/worldgen/threading_issues/common/CheckedThreadLocalRandom)
[20:57:12] [main/WARN]: Error loading class: com/beansgalaxy/backpacks/compat/TrinketsRegistry$1 (java.lang.ClassNotFoundException: com/beansgalaxy/backpacks/compat/TrinketsRegistry$1)
[20:57:12] [main/WARN]: Error loading class: io/github/apace100/apoli/power/KeepInventoryPower (java.lang.ClassNotFoundException: io/github/apace100/apoli/power/KeepInventoryPower)
[20:57:13] [main/WARN]: Error loading class: net/minecraft/class_465 (java.lang.ClassNotFoundException: net/minecraft/class_465)
[20:57:13] [main/WARN]: @Mixin target net.minecraft.class_465 was not found zenith.mixins.json:AbstractContainerScreenAccessor from mod zenith
[20:57:13] [main/WARN]: Error loading class: net/minecraft/class_332 (java.lang.ClassNotFoundException: net/minecraft/class_332)
[20:57:13] [main/WARN]: @Mixin target net.minecraft.class_332 was not found zenith.mixins.json:GuiGraphicsAccessor from mod zenith
[20:57:13] [main/WARN]: Error loading class: net/minecraft/class_8002 (java.lang.ClassNotFoundException: net/minecraft/class_8002)
[20:57:13] [main/WARN]: @Mixin target net.minecraft.class_8002 was not found zenith.mixins.json:TooltipRenderUtilAccessor from mod zenith
[20:57:13] [main/INFO]: Loaded local config
[20:57:13] [main/INFO]: Loaded server config
[20:57:13] [main/INFO]: Initializing MixinExtras via com.llamalad7.mixinextras.service.MixinExtrasServiceImpl(version=0.5.0).
[20:57:14] [main/WARN]: @ModifyVariable(@At("INVOKE")) Shift.BY=2 on accessories-fabric.mixins.json:LivingEntityMixin from mod accessories::localvar$zfc000$accessories$adjustLooting exceeds the maximum allowed value: 0. Increase the value of maxShiftBy to suppress this warning.
[20:57:15] [main/WARN]: Method overwrite conflict for getContainerCounter in porting_lib_accessors.mixins.json:common.accessor.ServerPlayerAccessor from mod porting_lib_accessors, previously written by com.helliongames.snifferplus.mixin.MixinServerPlayer. Skipping method.
[20:57:15] [main/WARN]: Method overwrite conflict for getContainerCounter in moonlight.mixins.json:ServerPlayerAccessor from mod moonlight, previously written by com.helliongames.snifferplus.mixin.MixinServerPlayer. Skipping method.
[20:57:15] [main/INFO]: Mixing common.MixinFriendlyByteBuf from mixins/common/nochatreports.mixins.json into net.minecraft.class_2540
[20:57:15] [main/INFO]: Renaming synthetic method lambda$onWriteJsonWithCodec$1(Ljava/lang/Object;Ljava/lang/String;)Lio/netty/handler/codec/EncoderException; to mded41d6$nochatreports$lambda$onWriteJsonWithCodec$1$0 in mixins/common/nochatreports.mixins.json:common.MixinFriendlyByteBuf from mod nochatreports
[20:57:15] [main/INFO]: Renaming synthetic method lambda$onReadJsonWithCodec$0(Ljava/lang/String;)Lio/netty/handler/codec/DecoderException; to mded41d6$nochatreports$lambda$onReadJsonWithCodec$0$1 in mixins/common/nochatreports.mixins.json:common.MixinFriendlyByteBuf from mod nochatreports
[20:57:15] [main/WARN]: @ModifyConstant conflict. Skipping xlpackets.mixins.json:PacketByteBufMixin from mod thiccpackets->@ModifyConstant::xlPackets(J)J with priority 1000, already redirected by packetfixer.v1_19_3.fabric.mixins.json:v1_19_3_fabric.FriendlyByteBufMixin from mod packetfixer->@ModifyConstant::packetfixer$readNbt$newSize(J)J with priority 1000
[20:57:16] [main/INFO]: Injecting BlockStateBase cache population hook into getNeighborPathNodeType from me.jellysquid.mods.lithium.mixin.ai.pathing.AbstractBlockStateMixin
[20:57:16] [main/INFO]: Injecting BlockStateBase cache population hook into getPathNodeType from me.jellysquid.mods.lithium.mixin.ai.pathing.AbstractBlockStateMixin
[20:57:16] [main/INFO]: Injecting BlockStateBase cache population hook into getAllFlags from me.jellysquid.mods.lithium.mixin.util.block_tracking.AbstractBlockStateMixin
[20:57:16] [main/WARN]: @Redirect conflict. Skipping mixins.redirected_fabric_1.20.1.json:net.minecraft.world.level.block.piston.PistonBaseBlockMixin from mod redirected->@Redirect::redirectDirections()[Lnet/minecraft/class_2350; with priority 10, already redirected by lithium.mixins.json:alloc.enum_values.piston_block.PistonBlockMixin from mod lithium->@Redirect::removeAllocation()[Lnet/minecraft/class_2350; with priority 1000
[20:57:16] [main/WARN]: @Redirect conflict. Skipping mixins.redirected_fabric_1.20.1.json:net.minecraft.world.level.block.piston.PistonBaseBlockMixin from mod redirected->@Redirect::redirectDirections()[Lnet/minecraft/class_2350; with priority 10, already redirected by lithium.mixins.json:alloc.enum_values.piston_block.PistonBlockMixin from mod lithium->@Redirect::removeAllocation()[Lnet/minecraft/class_2350; with priority 1000
[20:57:16] [main/WARN]: @Redirect conflict. Skipping mixins.redirected_fabric_1.20.1.json:net.minecraft.world.level.block.RedStoneWireBlockMixin from mod redirected->@Redirect::redirectDirections()[Lnet/minecraft/class_2350; with priority 10, already redirected by lithium.mixins.json:alloc.enum_values.redstone_wire.RedstoneWireBlockMixin from mod lithium->@Redirect::removeAllocation1()[Lnet/minecraft/class_2350; with priority 1000
[20:57:16] [main/WARN]: @Redirect conflict. Skipping mixins.redirected_fabric_1.20.1.json:net.minecraft.world.level.block.RedStoneWireBlockMixin from mod redirected->@Redirect::redirectDirections()[Lnet/minecraft/class_2350; with priority 10, already redirected by lithium.mixins.json:alloc.enum_values.redstone_wire.RedstoneWireBlockMixin from mod lithium->@Redirect::removeAllocation2()[Lnet/minecraft/class_2350; with priority 1000
[20:57:18] [main/INFO]: Instancing error handler class dev.isxander.debugify.mixinplugin.DebugifyErrorHandler
[20:57:18] [main/INFO]: Instancing error handler class com.illusivesoulworks.polymorph.mixin.IntegratedMixinPlugin
[20:57:18] [main/WARN]: Mixin apply for mod necronomicon failed necronomicon-common.mixins.json:item.AnimatedItemNameMixin from mod necronomicon -> net.minecraft.class_1799: org.spongepowered.asm.mixin.injection.throwables.InvalidInjectionException Critical injection failure: @Inject annotation on getName could not find any targets matching 'getHoverName' in net/minecraft/class_1799. No refMap loaded. [handler$gbn003$necronomicon$getName(Lorg/spongepowered/asm/mixin/injection/callback/CallbackInfoReturnable;)V -> Parse ->  -> Validate Targets]
org.spongepowered.asm.mixin.injection.throwables.InvalidInjectionException: Critical injection failure: @Inject annotation on getName could not find any targets matching 'getHoverName' in net/minecraft/class_1799. No refMap loaded. [handler$gbn003$necronomicon$getName(Lorg/spongepowered/asm/mixin/injection/callback/CallbackInfoReturnable;)V -> Parse ->  -> Validate Targets]
	at org.spongepowered.asm.mixin.injection.selectors.TargetSelectors.validate(TargetSelectors.java:346) ~[sponge-mixin-0.17.0+mixin.0.8.7.jar:0.17.0+mixin.0.8.7]
	at org.spongepowered.asm.mixin.injection.struct.InjectionInfo.readAnnotation(InjectionInfo.java:369) ~[sponge-mixin-0.17.0+mixin.0.8.7.jar:0.17.0+mixin.0.8.7]
	at org.spongepowered.asm.mixin.injection.struct.InjectionInfo.<init>(InjectionInfo.java:340) ~[sponge-mixin-0.17.0+mixin.0.8.7.jar:0.17.0+mixin.0.8.7]
	at org.spongepowered.asm.mixin.injection.struct.InjectionInfo.<init>(InjectionInfo.java:331) ~[sponge-mixin-0.17.0+mixin.0.8.7.jar:0.17.0+mixin.0.8.7]
	at org.spongepowered.asm.mixin.injection.struct.CallbackInjectionInfo.<init>(CallbackInjectionInfo.java:48) ~[sponge-mixin-0.17.0+mixin.0.8.7.jar:0.17.0+mixin.0.8.7]
	at jdk.internal.reflect.GeneratedConstructorAccessor25.newInstance(Unknown Source) ~[?:?]
	at jdk.internal.reflect.DelegatingConstructorAccessorImpl.newInstance(DelegatingConstructorAccessorImpl.java:45) ~[?:?]
	at java.lang.reflect.Constructor.newInstanceWithCaller(Constructor.java:500) ~[?:?]
	at java.lang.reflect.Constructor.newInstance(Constructor.java:481) ~[?:?]
	at org.spongepowered.asm.mixin.injection.struct.InjectionInfo$InjectorEntry.create(InjectionInfo.java:196) ~[sponge-mixin-0.17.0+mixin.0.8.7.jar:0.17.0+mixin.0.8.7]
	at org.spongepowered.asm.mixin.injection.struct.InjectionInfo.parse(InjectionInfo.java:664) ~[sponge-mixin-0.17.0+mixin.0.8.7.jar:0.17.0+mixin.0.8.7]
	at org.spongepowered.asm.mixin.transformer.MixinTargetContext.prepareInjections(MixinTargetContext.java:1396) ~[sponge-mixin-0.17.0+mixin.0.8.7.jar:0.17.0+mixin.0.8.7]
	at org.spongepowered.asm.mixin.transformer.MixinApplicatorStandard.prepareInjections(MixinApplicatorStandard.java:731) ~[sponge-mixin-0.17.0+mixin.0.8.7.jar:0.17.0+mixin.0.8.7]
	at org.spongepowered.asm.mixin.transformer.MixinApplicatorStandard.applyMixin(MixinApplicatorStandard.java:315) ~[sponge-mixin-0.17.0+mixin.0.8.7.jar:0.17.0+mixin.0.8.7]
	at org.spongepowered.asm.mixin.transformer.MixinApplicatorStandard.apply(MixinApplicatorStandard.java:246) ~[sponge-mixin-0.17.0+mixin.0.8.7.jar:0.17.0+mixin.0.8.7]
	at org.spongepowered.asm.mixin.transformer.TargetClassContext.apply(TargetClassContext.java:437) ~[sponge-mixin-0.17.0+mixin.0.8.7.jar:0.17.0+mixin.0.8.7]
	at org.spongepowered.asm.mixin.transformer.TargetClassContext.applyMixins(TargetClassContext.java:418) ~[sponge-mixin-0.17.0+mixin.0.8.7.jar:0.17.0+mixin.0.8.7]
	at org.spongepowered.asm.mixin.transformer.MixinProcessor.applyMixins(MixinProcessor.java:352) ~[sponge-mixin-0.17.0+mixin.0.8.7.jar:0.17.0+mixin.0.8.7]
	at org.spongepowered.asm.mixin.transformer.MixinTransformer.transformClass(MixinTransformer.java:237) ~[sponge-mixin-0.17.0+mixin.0.8.7.jar:0.17.0+mixin.0.8.7]
	at org.spongepowered.asm.mixin.transformer.MixinTransformer.transformClassBytes(MixinTransformer.java:202) ~[sponge-mixin-0.17.0+mixin.0.8.7.jar:0.17.0+mixin.0.8.7]
	at net.fabricmc.loader.impl.launch.knot.KnotClassDelegate.getPostMixinClassByteArray(KnotClassDelegate.java:435) ~[fabric-loader-0.18.4.jar:?]
	at net.fabricmc.loader.impl.launch.knot.KnotClassDelegate.tryLoadClass(KnotClassDelegate.java:336) ~[fabric-loader-0.18.4.jar:?]
	at net.fabricmc.loader.impl.launch.knot.KnotClassDelegate.loadClass(KnotClassDelegate.java:231) ~[fabric-loader-0.18.4.jar:?]
	at net.fabricmc.loader.impl.launch.knot.KnotClassLoader.loadClass(KnotClassLoader.java:119) ~[fabric-loader-0.18.4.jar:?]
	at java.lang.ClassLoader.loadClass(ClassLoader.java:525) ~[?:?]
	at net.minecraft.class_5620.method_32211(class_5620.java:39) ~[server-intermediary.jar:?]
	at net.minecraft.class_156.method_654(class_156.java:436) ~[server-intermediary.jar:?]
	at net.minecraft.class_5620.method_32206(class_5620.java:39) ~[server-intermediary.jar:?]
	at net.minecraft.class_5620.<clinit>(class_5620.java:33) ~[server-intermediary.jar:?]
	at net.minecraft.class_5546.<init>(class_5546.java:17) ~[server-intermediary.jar:?]
	at net.minecraft.class_2246.<clinit>(class_2246.java:477) ~[server-intermediary.jar:?]
	at net.minecraft.class_2358.method_10199(class_2358.java:326) ~[server-intermediary.jar:?]
	at net.minecraft.class_2966.method_12851(class_2966.java:54) ~[server-intermediary.jar:?]
	at net.minecraft.server.Main.main(Main.java:109) ~[server-intermediary.jar:?]
	at net.fabricmc.loader.impl.game.minecraft.MinecraftGameProvider.launch(MinecraftGameProvider.java:514) ~[fabric-loader-0.18.4.jar:?]
	at net.fabricmc.loader.impl.launch.knot.Knot.launch(Knot.java:72) ~[fabric-loader-0.18.4.jar:?]
	at net.fabricmc.loader.impl.launch.knot.KnotServer.main(KnotServer.java:23) ~[fabric-loader-0.18.4.jar:?]
	at net.fabricmc.loader.impl.launch.server.FabricServerLauncher.main(FabricServerLauncher.java:69) ~[fabric-loader-0.18.4.jar:?]
	at net.fabricmc.installer.ServerLauncher.main(ServerLauncher.java:69) ~[fabric-server-launch.jar:1.0.1]
[20:57:18] [main/WARN]: Method overwrite conflict for method_7844 in ranged_weapon_api.mixins.json:item.RangedWeaponItemMixin from mod ranged_weapon_api, previously written by net.projectile_damage.mixin.RangedWeaponItemMixin. Skipping method.
[20:57:18] [main/WARN]: Injection warning: LVT in net/minecraft/class_1774::method_7884(Lnet/minecraft/class_1838;)Lnet/minecraft/class_1269; has incompatible changes at opcode 124 in callback dragonfight.mixins.json:dragon.EndCrystalItemMixin from mod dragonfight->@Inject::onAddCrystal(Lnet/minecraft/class_1838;Lorg/spongepowered/asm/mixin/injection/callback/CallbackInfoReturnable;Lnet/minecraft/class_1937;Lnet/minecraft/class_2338;Lnet/minecraft/class_2680;Lnet/minecraft/class_2338;DDDLjava/util/List;Lnet/minecraft/class_1511;)V.
 Expected: [Lnet/minecraft/class_1937;, Lnet/minecraft/class_2338;, Lnet/minecraft/class_2680;, Lnet/minecraft/class_2338;, D, D, D, Ljava/util/List;, Lnet/minecraft/class_1511;]
    Found: [Lnet/minecraft/class_1937;, Lnet/minecraft/class_2338;, Lnet/minecraft/class_2338;, D, D, D, Lnet/minecraft/class_1511;]
Available: [Lnet/minecraft/class_1937;, Lnet/minecraft/class_2338;, Lnet/minecraft/class_2338;, D, D, D, Lnet/minecraft/class_1511;]
[20:57:20] [main/INFO]: Mixing server.MixinServerGamePacketListenerImpl from mixins/common/nochatreports.mixins.json into net.minecraft.class_3244
[20:57:20] [main/WARN]: @ModifyConstant conflict. Skipping packetfixer.v1_19_3.fabric.mixins.json:v1_19_3_fabric.ServerGamePacketListenerImplMixin from mod packetfixer->@ModifyConstant::packetfixer$tick$1(J)J with priority 1000, already redirected by connectivity.mixins.json:ServerPlayNetHandlerMixin from mod connectivity->@ModifyConstant::playTimeout(J)J with priority 1001
[20:57:20] [main/WARN]: @Inject(@At("INVOKE")) Shift.BY=2 on accessories-common.mixins.json:NbtCompoundMixin from mod accessories::handler$zfo000$accessories$adjustCheckForListVariants exceeds the maximum allowed value: 0. Increase the value of maxShiftBy to suppress this warning.
[20:57:20] [main/INFO]: [Kibe] Creating Trinket AbilityRing for minecraft:mayfly
[20:57:20] [main/INFO]: [Kibe] Creating Trinket AbilityRing for kibe:magma_ability
[20:57:20] [main/INFO]: [Kibe] Creating Trinket AbilityRing for kibe:water_ability
[20:57:20] [main/INFO]: [Kibe] Trying to read config file...
[20:57:20] [main/INFO]: [Kibe] A config file was found, loading it..
[20:57:20] [main/INFO]: [Kibe] Successfully loaded config file.
[20:57:22] [main/WARN]: Static binding violation: PRIVATE @Overwrite method method_21740 in modernfix-common.mixins.json:perf.remove_biome_temperature_cache.BiomeMixin from mod modernfix cannot reduce visibiliy of PUBLIC target method, visibility will be upgraded.
[20:57:22] [main/WARN]: Method overwrite conflict for method_21740 in modernfix-common.mixins.json:perf.remove_biome_temperature_cache.BiomeMixin from mod modernfix, previously written by me.jellysquid.mods.lithium.mixin.world.temperature_cache.BiomeMixin. Skipping method.
[20:57:23] [main/INFO]: Vanilla bootstrap took 8086 milliseconds
[20:57:24] [main/INFO]: [bclib] Added Config betternether.main to auto sync (file hash)
[20:57:24] [main/INFO]: [bclib] Added Config betternether.generator to auto sync (file hash)
[20:57:24] [main/INFO]: [bclib] Added Config betternether.blocks to auto sync (file hash)
[20:57:24] [main/INFO]: [bclib] Added Config betternether.items to auto sync (file hash)
[20:57:24] [main/INFO]: [bclib] Added Config betternether.biomes to auto sync (file hash)
[20:57:24] [main/INFO]: [bclib] Added Config betternether.mobs to auto sync (file hash)
[20:57:24] [main/INFO]: [bclib] Added Config betternether.recipes to auto sync (file hash)
[20:57:24] [main/WARN]: [bclib] Recipe betternether:bone_block_bone_button only takes in a single item and should be shapeless
[20:57:24] [main/ERROR]: Entity eldritch_end:ominous_eye has no attributes
[20:57:24] [main/ERROR]: Entity eldritch_end:aberration has no attributes
[20:57:24] [main/ERROR]: Entity eldritch_end:tentacle has no attributes
[20:57:24] [main/ERROR]: Entity eldritch_end:undead_tentacle has no attributes
[20:57:24] [main/ERROR]: Entity eldritch_end:dendler has no attributes
[20:57:24] [main/ERROR]: Entity eldritch_end:the_faceless has no attributes
[20:57:24] [main/INFO]: Registering C2S receiver with id aaa_particles:main/2b101225a0983c178c43c737d76def52
[20:57:24] [main/INFO]: Registering C2S receiver with id aaa_particles:main/878ba3ad853235668eff51eb0a40c900
[20:57:24] [main/INFO]: Registering C2S receiver with id aaa_particles:main/878ba3ad853235668eff51eb0a40c900
[20:57:24] [main/INFO]: Registering C2S receiver with id aaa_particles:main/9b5bc39f00d53db2acf81d859b596583
[20:57:25] [main/INFO]: Registered Trinkets Reloaded Listeners
[20:57:27] [main/INFO]: Initializing platform helper for Advanced Netherite!
[20:57:27] [main/WARN]: @ModifyConstant conflict. Skipping packetfixer.v1_19_3.fabric.mixins.json:v1_19_3_fabric.ServerLoginPacketListenerImplMixin from mod packetfixer->@ModifyConstant::packetfixer$tick(I)I with priority 1000, already redirected by connectivity.mixins.json:ServerLoginNetHandlerMixin from mod connectivity->@ModifyConstant::loginTimeout(I)I with priority 1001
[20:57:27] [main/INFO]: [AllTheTrims] Config loaded
[20:57:27] [main/INFO]: Loaded config amendments-common.json
[20:57:27] [main/INFO]: [Animal Feeding Trough] Load Complete! Enjoy :D
[20:57:27] [main/INFO]: [AqUpd's mobs] Caracal mod is loaded!
[20:57:28] [main/INFO]: Registering Mod Items for archers_expansion
[20:57:28] [main/INFO]: Registering Item Groups for archers_expansion
[20:57:28] [main/INFO]: Registering C2S receiver with id artifacts:networking_channel/42a7ad70b1cc371599a0eff744096b8a
[20:57:28] [main/INFO]: Registering C2S receiver with id artifacts:networking_channel/74a5e841822a3a87854ae896a33430d6
[20:57:28] [main/INFO]: Registering C2S receiver with id artifacts:networking_channel/eb3d1e2748533430848cadf0f37c7e9c
[20:57:28] [main/INFO]: Registering C2S receiver with id artifacts:networking_channel/91c8520f19f93b3e8b6a727568e194ab
[20:57:28] [main/INFO]: Registering C2S receiver with id artifacts:networking_channel/8c2784d778293fd482ed84b8aa5fedb9
[20:57:28] [main/INFO]: Registering C2S receiver with id artifacts:networking_channel/ea038224ea783d40b2863f52239e2604
[20:57:28] [main/INFO]: Registering C2S receiver with id artifacts:networking_channel/97ad64b7ecaf33209991c4f031501a58
[20:57:28] [main/INFO]: Registered azurelib config for auto-sync function
[20:57:28] [main/INFO]: Constructing common components for barteringstation:main
[20:57:28] [main/INFO]: Better Compatibility Checker starting
[20:57:28] [main/INFO]: Loading config file
[20:57:28] [main/INFO]: Config file loaded
[20:57:28] [main/INFO]: [bclib] Added Config bclib.generator to auto sync (file hash)
[20:57:28] [main/INFO]: [bclib] Added Config bclib.main to auto sync (content diff)
[20:57:28] [main/INFO]: [bclib] Added Config bclib.biomes to auto sync (file hash)
[20:57:28] [main/INFO]: Better Archeology says Hello
[20:57:28] [main/INFO]: Registering Items from betterarcheology
[20:57:28] [main/INFO]: Registering Blocks from betterarcheology
[20:57:28] [main/INFO]: ModEntityTypes of betterarcheology registered.
[20:57:28] [main/INFO]: Registering JEI Recipe Serializers for betterarcheology
[20:57:28] [main/INFO]: Registering Enchantments for betterarcheology
[20:57:28] [main/WARN]: @ModifyConstant conflict. Skipping xlpackets.mixins.json:ClientboundCustomPayloadPacketMixin from mod thiccpackets->@ModifyConstant::xlPackets(I)I with priority 1000, already redirected by packetfixer.v1_19_3.fabric.mixins.json:v1_19_3_fabric.ClientboundCustomPayloadPacketMixin from mod packetfixer->@ModifyConstant::packetfixer$newSize(I)I with priority 1000
[20:57:28] [main/WARN]: @ModifyConstant conflict. Skipping xlpackets.mixins.json:ClientboundCustomPayloadPacketMixin from mod thiccpackets->@ModifyConstant::xlPackets(I)I with priority 1000, already redirected by packetfixer.v1_19_3.fabric.mixins.json:v1_19_3_fabric.ClientboundCustomPayloadPacketMixin from mod packetfixer->@ModifyConstant::packetfixer$newSize(I)I with priority 1000
[20:57:28] [main/WARN]: @ModifyConstant conflict. Skipping connectivity.mixins.json:ClientboundCustomPayloadPacketMixin from mod connectivity->@ModifyConstant::modifyLimit(I)I with priority 1, already redirected by packetfixer.v1_19_3.fabric.mixins.json:v1_19_3_fabric.ClientboundCustomPayloadPacketMixin from mod packetfixer->@ModifyConstant::packetfixer$newSize(I)I with priority 1000
[20:57:28] [main/INFO]: Reflections took 66 ms to scan 1 urls, producing 1 keys and 2 values
[20:57:28] [main/INFO]: Reflections took 3 ms to scan 1 urls, producing 1 keys and 2 values
[20:57:28] [main/INFO]: Reflections took 6 ms to scan 1 urls, producing 1 keys and 3 values
[20:57:28] [main/INFO]: Reflections took 5 ms to scan 1 urls, producing 1 keys and 3 values
[20:57:29] [main/INFO]: [bclib] Added Config betterend.entities to auto sync (file hash)
[20:57:29] [main/INFO]: [bclib] Added Config betterend.blocks to auto sync (file hash)
[20:57:29] [main/INFO]: [bclib] Added Config betterend.items to auto sync (file hash)
[20:57:29] [main/INFO]: [bclib] Added Config betterend.biomes to auto sync (file hash)
[20:57:29] [main/INFO]: [bclib] Added Config betterend.recipes to auto sync (file hash)
[20:57:29] [main/INFO]: [bclib] Added Config betterend.enchantments to auto sync (file hash)
[20:57:29] [main/INFO]: Hello Fabric world!
[20:57:29] [main/INFO]: Reflections took 2 ms to scan 1 urls, producing 1 keys and 2 values
[20:57:29] [main/INFO]: Reflections took 1 ms to scan 1 urls, producing 1 keys and 2 values
[20:57:29] [main/INFO]: Reflections took 2 ms to scan 1 urls, producing 1 keys and 1 values
[20:57:29] [main/INFO]: Reflections took 2 ms to scan 1 urls, producing 1 keys and 1 values
[20:57:29] [main/INFO]: Reflections took 1 ms to scan 1 urls, producing 1 keys and 3 values
[20:57:29] [main/INFO]: Reflections took 1 ms to scan 1 urls, producing 1 keys and 3 values
[20:57:29] [main/INFO]: Reflections took 2 ms to scan 1 urls, producing 1 keys and 2 values
[20:57:29] [main/INFO]: Reflections took 1 ms to scan 1 urls, producing 1 keys and 2 values
[20:57:29] [main/INFO]: [betternether] =^..^=    BetterNether for 1.20    =^..^=
[20:57:29] [main/WARN]: @Redirect conflict. Skipping mixins.redirected_fabric_1.20.1.json:net.minecraft.world.level.block.state.CacheMixin from mod redirected->@Redirect::redirectSupportTypes()[Lnet/minecraft/class_5431; with priority 10, already redirected by modernfix-common.mixins.json:perf.cache_blockstate_cache_arrays.AbstractBlockStateCacheMixin from mod modernfix->@Redirect::getVoxelShapeValues()[Lnet/minecraft/class_5431; with priority 1000
[20:57:30] [main/INFO]: Reflections took 1 ms to scan 1 urls, producing 1 keys and 1 values
[20:57:30] [main/INFO]: Reflections took 0 ms to scan 1 urls, producing 1 keys and 1 values
[20:57:30] [main/INFO]: Reflections took 2 ms to scan 1 urls, producing 1 keys and 2 values
[20:57:30] [main/INFO]: Reflections took 1 ms to scan 1 urls, producing 1 keys and 2 values
[20:57:30] [main/INFO]: Reflections took 1 ms to scan 1 urls, producing 1 keys and 1 values
[20:57:30] [main/INFO]: Reflections took 0 ms to scan 1 urls, producing 1 keys and 1 values
[20:57:30] [main/INFO]: Bewitchment Tweaks loaded - Specter Bangle now grants vanilla invisibility!
[20:57:30] [main/INFO]: Biolith is initializing...
[20:57:30] [main/INFO]: Enabling Biolith's TerraBlender compatibility layer.
[20:57:30] [main/INFO]: Constructing common components for blockrunner:main
[20:57:30] [main/INFO]: BoatBreakFix initialized
[20:57:30] [main/INFO]: Fixing MC-151457. Crafting remainder for minecraft:pufferfish_bucket is now minecraft:bucket.
[20:57:30] [main/INFO]: Fixing MC-151457. Crafting remainder for minecraft:salmon_bucket is now minecraft:bucket.
[20:57:30] [main/INFO]: Fixing MC-151457. Crafting remainder for minecraft:cod_bucket is now minecraft:bucket.
[20:57:30] [main/INFO]: Fixing MC-151457. Crafting remainder for minecraft:tropical_fish_bucket is now minecraft:bucket.
[20:57:30] [main/INFO]: Fixing MC-151457. Crafting remainder for minecraft:axolotl_bucket is now minecraft:bucket.
[20:57:30] [main/INFO]: Fixing MC-151457. Crafting remainder for minecraft:powder_snow_bucket is now minecraft:bucket.
[20:57:30] [main/INFO]: Fixing MC-151457. Crafting remainder for minecraft:tadpole_bucket is now minecraft:bucket.
[20:57:31] [main/INFO]: Registering C2S receiver with id brewery:alcohol_sync_request
[20:57:31] [main/INFO]: Registering C2S receiver with id brewery:drink_alcohol
[20:57:31] [main/INFO]: [STDOUT]: All 10 have been set properly
[20:57:31] [main/INFO]: Loading Collective version 8.13.
[20:57:31] [main/INFO]: File exists, reading config for elocindev.combat_effects.config.entries.MainConfig.
[20:57:31] [main/INFO]: Config for elocindev.combat_effects.config.entries.MainConfig read successfully.
[20:57:32] [Cicada thread 0/INFO]: [do_a_barrel_roll] I support trans rights!
[20:57:32] [main/INFO]: Initialized entity types.
[20:57:32] [main/INFO]: Connectivity initialized
[20:57:32] [main/INFO]: fabric loader environment detected
[20:57:33] [main/INFO]: Hello 1.20.1 Create!
[20:57:33] [main/INFO]: File exists, reading config for elocindev.create_questing.fabric.config.ConfigEntries.
[20:57:33] [main/INFO]: Config for elocindev.create_questing.fabric.config.ConfigEntries read successfully.
[20:57:33] [main/INFO]: Loaded Create Questing Config
[20:57:34] [main/WARN]: Tried to register an overly high cookTime: 57600 > 32767! (air)
[20:57:34] [main/INFO]: [STDOUT]: Create Crafts & Additions Initialized!
[20:57:34] [main/INFO]: Creating default config file: croptopia_v3.conf
[20:57:34] [main/INFO]: Loaded config for: cupboard.json
[20:57:34] [main/INFO]: File exists, reading config for elocindev.customentityattributes.config.CEABasicConfig.
[20:57:34] [main/INFO]: Config for elocindev.customentityattributes.config.CEABasicConfig read successfully.
[20:57:34] [main/INFO]: File exists, reading config for elocindev.customentityattributes.config.CEAAdvancedConfig.
[20:57:34] [main/INFO]: Config for elocindev.customentityattributes.config.CEAAdvancedConfig read successfully.
[20:57:34] [main/INFO]: File exists, reading config for elocindev.customitemattributes.config.CIAConfig.
[20:57:34] [main/INFO]: Config for elocindev.customitemattributes.config.CIAConfig read successfully.
[20:57:34] [main/INFO]: File exists, reading config for elocindev.deathknights.config.entries.enchants.DecayingEnchantConfig.
[20:57:34] [main/INFO]: Config for elocindev.deathknights.config.entries.enchants.DecayingEnchantConfig read successfully.
[20:57:34] [main/INFO]: File exists, reading config for elocindev.deathknights.config.entries.loot.JewelryLootConfig.
[20:57:34] [main/INFO]: Config for elocindev.deathknights.config.entries.loot.JewelryLootConfig read successfully.
[20:57:34] [main/INFO]: File exists, reading config for elocindev.deathknights.config.entries.spells.frost.ObliterateConfig.
[20:57:34] [main/INFO]: Config for elocindev.deathknights.config.entries.spells.frost.ObliterateConfig read successfully.
[20:57:34] [main/INFO]: File exists, reading config for elocindev.deathknights.config.entries.spells.frost.RemorselessWinterConfig.
[20:57:34] [main/INFO]: Config for elocindev.deathknights.config.entries.spells.frost.RemorselessWinterConfig read successfully.
[20:57:34] [main/INFO]: File exists, reading config for elocindev.deathknights.config.entries.spells.frost.BreathOfAgonyConfig.
[20:57:34] [main/INFO]: Config for elocindev.deathknights.config.entries.spells.frost.BreathOfAgonyConfig read successfully.
[20:57:34] [main/INFO]: File exists, reading config for elocindev.deathknights.config.entries.spells.unholy.PlaguesConfig.
[20:57:34] [main/INFO]: Config for elocindev.deathknights.config.entries.spells.unholy.PlaguesConfig read successfully.
[20:57:34] [main/INFO]: File exists, reading config for elocindev.deathknights.config.entries.spells.unholy.DeathCoilConfig.
[20:57:34] [main/INFO]: Config for elocindev.deathknights.config.entries.spells.unholy.DeathCoilConfig read successfully.
[20:57:34] [main/INFO]: File exists, reading config for elocindev.deathknights.config.entries.spells.unholy.EpidemicConfig.
[20:57:34] [main/INFO]: Config for elocindev.deathknights.config.entries.spells.unholy.EpidemicConfig read successfully.
[20:57:34] [main/INFO]: File exists, reading config for elocindev.deathknights.config.entries.spells.unholy.DeathGripConfig.
[20:57:34] [main/INFO]: Config for elocindev.deathknights.config.entries.spells.unholy.DeathGripConfig read successfully.
[20:57:34] [main/INFO]: File exists, reading config for elocindev.deathknights.config.entries.spells.blood.DeathStrikeConfig.
[20:57:34] [main/INFO]: Config for elocindev.deathknights.config.entries.spells.blood.DeathStrikeConfig read successfully.
[20:57:34] [main/INFO]: File exists, reading config for elocindev.deathknights.config.entries.spells.blood.MarrowrendConfig.
[20:57:34] [main/INFO]: Config for elocindev.deathknights.config.entries.spells.blood.MarrowrendConfig read successfully.
[20:57:34] [main/INFO]: File exists, reading config for elocindev.deathknights.config.entries.spells.blood.BloodBoilConfig.
[20:57:34] [main/INFO]: Config for elocindev.deathknights.config.entries.spells.blood.BloodBoilConfig read successfully.
[20:57:34] [main/INFO]: File exists, reading config for elocindev.deathknights.config.entries.spells.blood.BloodThirstConfig.
[20:57:34] [main/INFO]: Config for elocindev.deathknights.config.entries.spells.blood.BloodThirstConfig read successfully.
[20:57:34] [main/INFO]: Death Knights Config Loaded!
[20:57:34] [main/INFO]: Death Knights Initialized!
[20:57:34] [main/INFO]: Saving config because the loaded bug fixes are different to stored json.
[20:57:34] [main/INFO]: Saving Debugify
[20:57:34] [main/INFO]: Enabled 2 bug fixes: [MC-89146, MC-199467]
[20:57:34] [main/INFO]: Successfully Debugify'd your game!
[20:57:34] [main/INFO]: Bypassed Mojang DFU
[20:57:34] [main/INFO]: Instantiating Mojang DFU
[20:57:35] [main/ERROR]: No data fixer registered for crystallized_amber
[20:57:35] [main/ERROR]: No data fixer registered for sculk_jaw
[20:57:35] [main/INFO]: Derelict initializing
[20:57:35] [main/INFO]: Loaded DEUF Refabricated Config
[20:57:35] [main/INFO]: Loaded config dummmmmmy-common.json
[20:57:35] [main/WARN]: Lithium detected. MmmMmmMmmMmm scarecrow mode might not work well due to a lithium bug (the mod doesnt have a way to add goals to new entities)
[20:57:35] [main/INFO]: File exists, reading config for elocindev.eldritch_end.config.entries.biomes.PrimordialAbyssConfig.
[20:57:35] [main/INFO]: Config for elocindev.eldritch_end.config.entries.biomes.PrimordialAbyssConfig read successfully.
[20:57:35] [main/INFO]: File exists, reading config for elocindev.eldritch_end.config.entries.biomes.HasturianWastesConfig.
[20:57:35] [main/INFO]: Config for elocindev.eldritch_end.config.entries.biomes.HasturianWastesConfig read successfully.
[20:57:35] [main/INFO]: File exists, reading config for elocindev.eldritch_end.config.entries.entities.AberrationConfig.
[20:57:35] [main/INFO]: Config for elocindev.eldritch_end.config.entries.entities.AberrationConfig read successfully.
[20:57:35] [main/INFO]: File exists, reading config for elocindev.eldritch_end.config.entries.entities.TentacleConfig.
[20:57:35] [main/INFO]: Config for elocindev.eldritch_end.config.entries.entities.TentacleConfig read successfully.
[20:57:35] [main/INFO]: File exists, reading config for elocindev.eldritch_end.config.entries.entities.DendlerConfig.
[20:57:35] [main/INFO]: Config for elocindev.eldritch_end.config.entries.entities.DendlerConfig read successfully.
[20:57:35] [main/INFO]: File exists, reading config for elocindev.eldritch_end.config.entries.entities.boss.FacelessConfig.
[20:57:35] [main/INFO]: Config for elocindev.eldritch_end.config.entries.entities.boss.FacelessConfig read successfully.
[20:57:35] [main/INFO]: File exists, reading config for elocindev.eldritch_end.config.entries.entities.boss.HasturConfig.
[20:57:35] [main/INFO]: Config for elocindev.eldritch_end.config.entries.entities.boss.HasturConfig read successfully.
[20:57:35] [main/INFO]: File exists, reading config for elocindev.eldritch_end.config.entries.entities.boss.EyeConfig.
[20:57:35] [main/INFO]: Config for elocindev.eldritch_end.config.entries.entities.boss.EyeConfig read successfully.
[20:57:35] [main/INFO]: File exists, reading config for elocindev.eldritch_end.config.entries.mechanics.CorruptionConfig.
[20:57:35] [main/INFO]: Config for elocindev.eldritch_end.config.entries.mechanics.CorruptionConfig read successfully.
[20:57:35] [main/INFO]: File exists, reading config for elocindev.eldritch_end.config.entries.mechanics.InfusionConfig.
[20:57:35] [main/INFO]: Config for elocindev.eldritch_end.config.entries.mechanics.InfusionConfig read successfully.
[20:57:35] [main/INFO]: File exists, reading config for elocindev.eldritch_end.config.entries.item.XalConfig.
[20:57:35] [main/INFO]: Config for elocindev.eldritch_end.config.entries.item.XalConfig read successfully.
[20:57:35] [main/INFO]: Eldritch End's Config Loaded!
[20:57:36] [main/INFO]: Registered Eldritch End items
[20:57:36] [main/INFO]: Loaded config :emi_loot_config in 482ms
[20:57:36] [main/INFO]: Registering Item Group for ends_delight
[20:57:36] [main/INFO]: Registering Mod Blocks for ends_delight
[20:57:36] [main/INFO]: Registering Mod Features for ends_delight
[20:57:36] [main/INFO]: Injecting Estrogen into your veins!
[20:57:36] [main/INFO]: ExpandAbility here, who dis?
[20:57:36] [main/INFO]: Hello Fabric world!
[20:57:36] [main/INFO]: Look at the cleanse, look at the moves!
[20:57:36] [Placebo (FakerLib) Patreon Wing Loader/INFO]: Loading patreon wing data...
[20:57:36] [Placebo (FakerLib) Patreon Trail Loader/INFO]: Loading patreon trails data...
[20:57:36] [main/INFO]: File exists, reading config for elocindev.fancy_hotbar.config.FancyHotbarConfig.
[20:57:36] [main/INFO]: Config for elocindev.fancy_hotbar.config.FancyHotbarConfig read successfully.
[20:57:36] [Placebo (FakerLib) Patreon Wing Loader/INFO]: Loaded 25 patreon wings.
[20:57:36] [Placebo (FakerLib) Patreon Trail Loader/INFO]: Loaded 33 patreon trails.
[20:57:37] [main/INFO]: Farmer's Knives loaded!
[20:57:37] [main/INFO]: Initialized Frostiful!
[20:57:37] [main/INFO]: Registering C2S receiver with id ftblibrary:edit_nbt_response
[20:57:37] [main/INFO]: Registering C2S receiver with id ftbquests:submit_task
[20:57:37] [main/INFO]: Registering C2S receiver with id ftbquests:claim_reward
[20:57:37] [main/INFO]: Registering C2S receiver with id ftbquests:get_emergency_items
[20:57:37] [main/INFO]: Registering C2S receiver with id ftbquests:claim_all_rewards
[20:57:37] [main/INFO]: Registering C2S receiver with id ftbquests:claim_choice_reward
[20:57:37] [main/INFO]: Registering C2S receiver with id ftbquests:toggle_pinned
[20:57:37] [main/INFO]: Registering C2S receiver with id ftbquests:toggle_chapter_pinned
[20:57:37] [main/INFO]: Registering C2S receiver with id ftbquests:toggle_editing_mode
[20:57:37] [main/INFO]: Registering C2S receiver with id ftbquests:force_save
[20:57:37] [main/INFO]: Registering C2S receiver with id ftbquests:set_custom_image
[20:57:37] [main/INFO]: Registering C2S receiver with id ftbquests:task_screen_config_resp
[20:57:37] [main/INFO]: Registering C2S receiver with id ftbquests:change_progress
[20:57:37] [main/INFO]: Registering C2S receiver with id ftbquests:create_object
[20:57:37] [main/INFO]: Registering C2S receiver with id ftbquests:create_task_at
[20:57:37] [main/INFO]: Registering C2S receiver with id ftbquests:delete_object
[20:57:37] [main/INFO]: Registering C2S receiver with id ftbquests:edit_object
[20:57:37] [main/INFO]: Registering C2S receiver with id ftbquests:move_chapter
[20:57:37] [main/INFO]: Registering C2S receiver with id ftbquests:move_quest
[20:57:37] [main/INFO]: Registering C2S receiver with id ftbquests:change_chapter_group
[20:57:37] [main/INFO]: Registering C2S receiver with id ftbquests:move_chapter_group
[20:57:37] [main/INFO]: Registering C2S receiver with id ftbquests:copy_quest
[20:57:37] [main/INFO]: Registering C2S receiver with id ftbquests:copy_chapter_image
[20:57:37] [main/INFO]: Registering C2S receiver with id ftbquests:sync_structures_request
[20:57:37] [main/INFO]: Registering C2S receiver with id ftbquests:request_team_data
[20:57:37] [main/INFO]: Registering C2S receiver with id ftbteams:open_gui
[20:57:37] [main/INFO]: Registering C2S receiver with id ftbteams:update_settings
[20:57:37] [main/INFO]: Registering C2S receiver with id ftbteams:send_message
[20:57:37] [main/INFO]: Registering C2S receiver with id ftbteams:create_party
[20:57:37] [main/INFO]: Registering C2S receiver with id ftbteams:player_gui_operation
[20:57:37] [main/INFO]: Is initializing.
[20:57:37] [main/INFO]: Has successfully been initialized.
[20:57:37] [main/INFO]: Initializing Gimm1q - Mim1q's Fabric modding library!
[20:57:37] [main/WARN]: Method overwrite conflict for getRolls in emi_loot.mixins.json:LootPoolAccessor from mod emi_loot, previously written by net.fabricmc.fabric.mixin.loot.table.LootPoolMixin. Skipping method.
[20:57:37] [main/INFO]: Registered JSON trade offer adapter.
[20:57:37] [main/INFO]: Gun Scaling loaded. Gun Scaling Factor: 0.85, Potato Scaling: 2.5, MatterCannon Scaling: 4.0
[20:57:39] [main/INFO]: Industrial Revolution has initialized.
[20:57:39] [main/INFO]: Hello Fabric world!
[20:57:39] [main/INFO]: File exists, reading config for elocindev.item_obliterator.fabric_quilt.config.ConfigEntries.
[20:57:39] [main/INFO]: Config for elocindev.item_obliterator.fabric_quilt.config.ConfigEntries read successfully.
[20:57:39] [main/INFO]: Item Obliterator Config Loaded
[20:57:39] [main/INFO]: Registering C2S receiver with id itemfilters:main/14e7fa1454283aec8ae811ef844ada28
[20:57:39] [main/INFO]: Registering C2S receiver with id itemfilters:main/8f6a899247753217b9d86ab427a2b279
[20:57:39] [main/INFO]: Initializing JamLib on Fabric
[20:57:39] [main/INFO]: [KONKRETE] Successfully initialized!
[20:57:39] [main/INFO]: [KONKRETE] Server-side libs ready to use!
[20:57:39] [main/INFO]: Constructing common components for leavesbegone:main
[20:57:39] [main/INFO]: Constructing common components for magnumtorch:main
[20:57:39] [main/INFO]: Registering Blocks for mcda
[20:57:40] [main/INFO]: [MELODY] Disabling Melody since it's loaded server-side.
[20:57:40] [main/INFO]: Loaded config for: memorysettings.json
[20:57:40] [main/WARN]: You have more more memory allocated than recommended for your system, the recommended amount for your system is: 8189 mb.

[20:57:40] [main/INFO]: Definitely not up to no good
[20:57:40] [main/INFO]: [STDOUT]: All 13 have been set properly
[20:57:40] [main/INFO]: Registered mobs_of_mythology config for auto-sync function
[20:57:40] [main/INFO]: Modern Industrialization setup done!
[20:57:40] [main/INFO]: [STDOUT]: found type, is TWO
[20:57:40] [main/INFO]: [STDOUT]: [Modpack Update Checker] Loaded configuration file.
[20:57:40] [main/INFO]: Loaded config moonlight-common.json
[20:57:40] [main/INFO]: [Mythic Charms] Initializing...
[20:57:40] [main/INFO]: Registering Mod Items for more_rpg_classes
[20:57:40] [main/INFO]: Registering Item Groups for more_rpg_classes
[20:57:40] [main/INFO]: Giving mobs a fresh coat of paint...
[20:57:40] [main/INFO]: Mutant Skeleton Armor Tweaks loaded successfully!
[20:57:41] [main/INFO]: Constructing common components for mutantmonsters:main
[20:57:41] [main/INFO]: Loading common config for mutantmonsters
[20:57:41] [Thread-5/INFO]: Reloading common config for mutantmonsters
[20:57:41] [Thread-5/INFO]: Reloading common config for mutantmonsters
[20:57:41] [main/INFO]: Registering Mythic Items for mythicupgrades
[20:57:41] [main/INFO]: Registering Mythic Blocks for mythicupgrades
[20:57:41] [main/INFO]: Registering resource pack 32x...
[20:57:41] [main/INFO]: Successfully registered resource pack 32x.
[20:57:41] [main/INFO]: Mythic Upgrades works properly! CAN, ANNENE SELAMLAR KARDESIM! <3
[20:57:41] [main/INFO]: Chase your dreams, no matter the cost. Don't wait for invitations, take action. Making a decision, starting something - that's half the battle of achieving success.
[20:57:41] [main/INFO]: Necronomicon Initialized
[20:57:41] [main/INFO]: File exists, reading config for elocindev.necronomicon.NecronomiconConfig.
[20:57:41] [main/INFO]: Config for elocindev.necronomicon.NecronomiconConfig read successfully.
[20:57:41] [main/INFO]: Constructing common components for netherchested:main
[20:57:41] [main/INFO]: Registering Items for netherdepthsupgrade
[20:57:41] [main/INFO]: Registering Blocks for netherdepthsupgrade
[20:57:41] [main/INFO]: Registering Block Entities for netherdepthsupgrade
[20:57:41] [main/INFO]: Registering tabs for netherdepthsupgrade
[20:57:41] [main/INFO]: Registering Entity Types for netherdepthsupgrade
[20:57:41] [main/INFO]: Registering Effects for netherdepthsupgrade
[20:57:41] [main/INFO]: Registering Potions for netherdepthsupgrade
[20:57:41] [main/INFO]: Registering Enchantments for netherdepthsupgrade
[20:57:41] [main/INFO]: Registering Particles for netherdepthsupgrade
[20:57:41] [main/INFO]: Registering Features for netherdepthsupgrade
[20:57:41] [main/INFO]: Registering ConfiguredFeatures for netherdepthsupgrade
[20:57:41] [main/INFO]: Registering PlacedFeatures for netherdepthsupgrade
[20:57:41] [main/INFO]: Registering Structures for netherdepthsupgrade
[20:57:41] [main/INFO]: Setting up compat for Farmers Delight
[20:57:41] [main/INFO]: KONNICHIWA ZA WARUDO!
[20:57:41] [main/INFO]: Default JVM text encoding is: UTF-8
[20:57:41] [main/INFO]: Reading config file NoChatReports/NCR-Common.json...
[20:57:41] [main/INFO]: Writing config file NoChatReports/NCR-Common.json...
[20:57:41] [main/INFO]: Registering Items for oceansdelight
[20:57:41] [main/INFO]: Registering Blocks for oceansdelight
[20:57:41] [main/INFO]: Registering tabs for oceansdelight
[20:57:41] [main/INFO]: File exists, reading config for elocindev.offhandtickfix.config.entries.OffHandTickFixConfig.
[20:57:41] [main/INFO]: Config for elocindev.offhandtickfix.config.entries.OffHandTickFixConfig read successfully.
[20:57:41] [main/INFO]: [STDOUT]: All 20 have been set properly
[20:57:41] [main/INFO]: File exists, reading config for elocindev.opacpvp.config.entries.OpacPvPConfig.
[20:57:41] [main/INFO]: Config for elocindev.opacpvp.config.entries.OpacPvPConfig read successfully.
[20:57:41] [main/INFO]: [STDOUT]: All 1 have been set properly
[20:57:41] [main/INFO]: chyz: bro, can you stop breathing
[20:57:41] [main/ERROR]: Failed to load book betternether:betternether_book defined by mod betternether, skipping
java.lang.IllegalArgumentException: Book betternether:betternether_book has use_resource_pack set to false. This behaviour was removed in 1.20. The book author should enable this flag and move all book contents clientside to /assets/, leaving the book.json in /data/. See https://vazkiimods.github.io/Patchouli/docs/upgrading/upgrade-guide-120 for details.
	at vazkii.patchouli.common.book.Book.<init>(Book.java:145) ~[Patchouli-1.20.1-84-FABRIC.jar:?]
	at vazkii.patchouli.common.book.BookRegistry.loadBook(BookRegistry.java:90) ~[Patchouli-1.20.1-84-FABRIC.jar:?]
	at vazkii.patchouli.common.book.BookRegistry.lambda$init$3(BookRegistry.java:75) ~[Patchouli-1.20.1-84-FABRIC.jar:?]
	at java.util.HashMap.forEach(HashMap.java:1421) ~[?:?]
	at vazkii.patchouli.common.book.BookRegistry.init(BookRegistry.java:70) ~[Patchouli-1.20.1-84-FABRIC.jar:?]
	at vazkii.patchouli.fabric.common.FabricModInitializer.onInitialize(FabricModInitializer.java:33) ~[Patchouli-1.20.1-84-FABRIC.jar:?]
	at net.fabricmc.loader.impl.FabricLoaderImpl.invokeEntrypoints(FabricLoaderImpl.java:405) ~[fabric-loader-0.18.4.jar:?]
	at net.fabricmc.loader.impl.game.minecraft.Hooks.startServer(Hooks.java:63) ~[fabric-loader-0.18.4.jar:?]
	at net.minecraft.server.Main.main(Main.java:112) ~[server-intermediary.jar:?]
	at net.fabricmc.loader.impl.game.minecraft.MinecraftGameProvider.launch(MinecraftGameProvider.java:514) ~[fabric-loader-0.18.4.jar:?]
	at net.fabricmc.loader.impl.launch.knot.Knot.launch(Knot.java:72) ~[fabric-loader-0.18.4.jar:?]
	at net.fabricmc.loader.impl.launch.knot.KnotServer.main(KnotServer.java:23) ~[fabric-loader-0.18.4.jar:?]
	at net.fabricmc.loader.impl.launch.server.FabricServerLauncher.main(FabricServerLauncher.java:69) ~[fabric-loader-0.18.4.jar:?]
	at net.fabricmc.installer.ServerLauncher.main(ServerLauncher.java:69) ~[fabric-server-launch.jar:1.0.1]
[20:57:41] [main/INFO]: [Ping-Wheel] Init
[20:57:41] [main/INFO]: [Ping-Wheel] Loaded ServerConfig(defaultChannelMode=auto, playerTrackingEnabled=true, msToRegenerate=1000, rateLimit=5)
[20:57:41] [main/INFO]: Registering C2S receiver with id powah:packet
[20:57:42] [main/INFO]: File exists, reading config for elocindev.prominent.config.ServerConfig.
[20:57:42] [main/INFO]: Config for elocindev.prominent.config.ServerConfig read successfully.
[20:57:42] [main/INFO]: File exists, reading config for elocindev.prominent.config.BossLevels.
[20:57:42] [main/INFO]: Config for elocindev.prominent.config.BossLevels read successfully.
[20:57:42] [main/INFO]: File exists, reading config for elocindev.prominent.config.ItemLevels.
[20:57:42] [main/INFO]: Config for elocindev.prominent.config.ItemLevels read successfully.
[20:57:42] [main/INFO]: Registered Prominent Sounds
[20:57:42] [main/INFO]: Registered Prominent Items
[20:57:42] [main/INFO]: Loaded Prominent Config
[20:57:42] [main/INFO]: Registered Prominent Sounds
[20:57:42] [main/INFO]: Registered Prominent Items
[20:57:42] [main/INFO]: File exists, reading config for elocindev.prominent_talents.config.Config.
[20:57:42] [main/INFO]: Config for elocindev.prominent_talents.config.Config read successfully.
[20:57:42] [main/INFO]: Registered Prominent Talents Sounds
[20:57:42] [main/INFO]: Constructing common components for puzzlesapi:iteminteractions
[20:57:42] [main/INFO]: Constructing common components for puzzlesapi:slotcycling
[20:57:42] [main/INFO]: Constructing common components for puzzlesapi:limitlesscontainers
[20:57:42] [main/INFO]: Constructing common components for puzzlesapi:statues
[20:57:42] [main/INFO]: Constructing common components for puzzleslib:main
[20:57:42] [main/INFO]: Steam 'n' Rails v1.6.9 initializing! Commit hash: 1219c3f788bf8add5c41073bcf9326c5815c2818 on Create version: 0.5.1j on platform: Fabric
[20:57:42] [main/INFO]: Registered bogey styles from railways
[20:57:42] [main/INFO]: Registering data fixers
[20:57:42] [main/INFO]: 0 Datafixer optimizations took 0 milliseconds
[20:57:42] [main/INFO]: Registering tracks for Hex Casting
[20:57:42] [main/INFO]: Registering tracks for Oh The Biomes You'll Go
[20:57:42] [main/INFO]: Registering tracks for Blue Skies
[20:57:42] [main/INFO]: Registering tracks for Twilight Forest
[20:57:42] [main/INFO]: Registering tracks for Biomes O' Plenty
[20:57:42] [main/INFO]: Registering tracks for Nature's Spirit
[20:57:42] [main/INFO]: Registering tracks for Dreams and Desires
[20:57:42] [main/INFO]: Registering tracks for Quark
[20:57:42] [main/INFO]: Registering tracks for TerraFirmaCraft
[20:57:42] [main/INFO]: File exists, reading config for elocindev.rebalance.config.ReBalanceConfig.
[20:57:42] [main/INFO]: Config for elocindev.rebalance.config.ReBalanceConfig read successfully.
[20:57:42] [main/INFO]: [STDOUT]: Starting recipe splitter
[20:57:42] [main/INFO]: [Regions Unexplored] generating and loading config
[20:57:43] [main/INFO]: File exists, reading config for elocindev.resistance_balancer.config.ResistanceBalancerConfig.
[20:57:43] [main/INFO]: Config for elocindev.resistance_balancer.config.ResistanceBalancerConfig read successfully.
[20:57:43] [main/INFO]: Hello Fabric world!
[20:57:43] [main/INFO]: Shield API initialized!
[20:57:43] [main/INFO]: File exists, reading config for elocin.shield_overhaul.config.server.ShieldConfig.
[20:57:43] [main/INFO]: Config for elocin.shield_overhaul.config.server.ShieldConfig read successfully.
[20:57:43] [main/INFO]: Shield Overhaul's Config Loaded!
[20:57:43] [main/INFO]: Simply Swords Battle Standard Tweaks loaded successfully!
[20:57:43] [main/INFO]: Registering Items for simplyskills
[20:57:43] [main/INFO]: Registering Entities for simplyskills
[20:57:43] [main/INFO]: Registering Eldritch End compat Items for simplyswords
[20:57:43] [main/INFO]: [STDOUT]: Copied from /data/simplyswords/safeload_recipes/eldritch_end/dreadtide.json to /data/simplyswords/recipes/eldritch_end/dreadtide.json
[20:57:43] [main/INFO]: [STDOUT]: /workspaces/server-minecraft23423423/servidor_minecraft/config
[20:57:43] [main/INFO]: Hello Fabric world!
[20:57:43] [main/INFO]: [Sortilege] Loading Configs for Sortilege
[20:57:43] [main/INFO]: Config initialized!
[20:57:43] [main/INFO]: Successfully initialized Geckolib!
[20:57:43] [main/INFO]: Successfully registered SoulsWeapons content!
[20:57:43] [main/INFO]: Successfully registered built-in 2D model resourcepack!
[20:57:43] [main/INFO]: Successfully registered built-in Legacy 2D Models resourcepack!
[20:57:43] [main/INFO]: Successfully registered built-in Legacy 3D Models resourcepack!
[20:57:43] [main/INFO]: Successfully registered built-in Fresh Animations Compat. resourcepack!
[20:57:43] [main/INFO]: Successfully registered built-in Szombie's Enhanced 3D GOW Weapons resourcepack!
[20:57:43] [main/INFO]: Initializing done, time taken: 292ms
[20:57:43] [main/INFO]: Spell Engine x Open Parties and Claims
[20:57:44] [main/INFO]: Hello Fabric world!
[20:57:44] [main/INFO]: Creating asynchronous mapping cache executor...
[20:57:44] [Mappings Cache Thread #1/INFO]: Verifying cache of yarn mappings...
[20:57:44] [Mappings Cache Thread #1/INFO]: Latest build for yarn is already cached (20 hour(s) ago, refresh in 28 hour(s))
[20:57:44] [Mappings Cache Thread #1/INFO]: Mappings for yarn build 1.20.1+build.10 are already downloaded
[20:57:44] [Mappings Cache Thread #1/INFO]: Verified cache of yarn mappings (took 1ms)
[20:57:44] [Mappings Cache Thread #1/INFO]: Parsing yarn mappings...
[20:57:44] [main/INFO]: Constructing common components for stoneworks:main
[20:57:44] [main/INFO]: Loading common config for stoneworks
[20:57:44] [Thread-5/INFO]: Reloading common config for stoneworks
[20:57:44] [Thread-5/INFO]: Reloading common config for stoneworks
[20:57:44] [main/INFO]: structureessentials mod initialized
[20:57:44] [main/INFO]: Loaded config supplementaries-common.json
[20:57:44] [Mappings Cache Thread #1/INFO]: Parsed yarn mappings (took 255ms)
[20:57:44] [Mappings Cache Thread #1/INFO]: Caching yarn mappings...
[20:57:44] [Mappings Cache Thread #1/INFO]: Cached yarn mappings (took 58ms)
[20:57:44] [Mappings Cache Thread #1/INFO]: Cached mappings have been built (took 320ms)
[20:57:44] [Mappings Cache Thread #1/INFO]:   Classes: 6741
[20:57:44] [Mappings Cache Thread #1/INFO]:   Methods: 24982
[20:57:44] [Mappings Cache Thread #1/INFO]:   Fields: 28829
[20:57:44] [ForkJoinPool.commonPool-worker-1/INFO]: Shutting down asynchronous mapping cache executor...
[20:57:44] [ForkJoinPool.commonPool-worker-1/INFO]: Injecting into root logger...
[20:57:45] [main/INFO]: TechReborn setup done!
[20:57:45] [main/INFO]: Registered region minecraft:overworld to index 0 for type OVERWORLD
[20:57:45] [main/INFO]: Registered region minecraft:nether to index 0 for type NETHER
[20:57:45] [main/INFO]: Registered region regions_unexplored:primary to index 1 for type OVERWORLD
[20:57:45] [main/INFO]: Registered region regions_unexplored:secondary to index 2 for type OVERWORLD
[20:57:45] [main/INFO]: Registered region regions_unexplored:nether to index 1 for type NETHER
[20:57:45] [main/INFO]: Registered region riverredux:overworld to index 3 for type OVERWORLD
[20:57:45] [main/INFO]: Creating environment manager EnvironmentManager{controller=com.github.thedeathlycow.thermoo.api.temperature.EmptyEnvironmentController}
[20:57:45] [main/INFO]: Thermoo initialized
[20:57:45] [main/INFO]: File exists, reading config for elocindev.tierify.config.CommonConfig.
[20:57:45] [main/INFO]: Config for elocindev.tierify.config.CommonConfig read successfully.
[20:57:45] [main/INFO]: Constructing common components for tinyskeletons:main
[20:57:45] [main/INFO]: Constructing common components for tradingpost:main
[20:57:45] [main/INFO]: Registered the FluidEffect with Unique ID of minecraft:water for Water (Fluid Amount Required: 81000) with the ID 0
[20:57:45] [main/INFO]: Registered the FluidEffect with Unique ID of minecraft:lava for Lava (Fluid Amount Required: 81000) with the ID 1
[20:57:45] [main/INFO]: Registered the FluidEffect with Unique ID of travelersbackpack:potion for block.travelersbackpack.potion_still (Fluid Amount Required: 27000) with the ID 2
[20:57:45] [main/INFO]: Registered the FluidEffect with Unique ID of milk:still_milk for Milk (Fluid Amount Required: 81000) with the ID 3
[20:57:46] [main/INFO]: [STDOUT]: TxniLib onInitialize!
[20:57:46] [main/INFO]: [Collective] JSON file 'entity_names.json' generation requested by mod 'villagernames'.
[20:57:46] [main/INFO]: Registered JSON trade offer adapter.
[20:57:46] [main/INFO]: Constructing common components for visualworkbench:main
[20:57:46] [main/INFO]: [STDOUT]: Config updated!
[20:57:46] [main/INFO]: [STDOUT]: Config loaded!
[20:57:46] [main/INFO]: Has opac!! true
[20:57:46] [main/INFO]: Has ftbchunks!! false
[20:57:46] [main/INFO]: Has flan!! false
[20:57:46] [main/INFO]: Has goml!! false
[20:57:46] [main/INFO]: Registering C2S receiver with id wands:global_settings_packet
[20:57:46] [main/INFO]: Registering C2S receiver with id wands:key_packet
[20:57:46] [main/INFO]: Registering C2S receiver with id wands:palette_packet
[20:57:46] [main/INFO]: Registering C2S receiver with id wands:wand_packet
[20:57:46] [main/INFO]: Registering C2S receiver with id wands:sync_rock_packet
[20:57:46] [main/INFO]: Registering C2S receiver with id wands:pos_packet
[20:57:46] [main/INFO]: File exists, reading config for elocindev.ysns.config.DisabledEntities.
[20:57:46] [main/INFO]: Config for elocindev.ysns.config.DisabledEntities read successfully.
[20:57:46] [main/INFO]: File exists, reading config for elocindev.ysns.config.PerDimensionEntities.
[20:57:46] [main/INFO]: Config for elocindev.ysns.config.PerDimensionEntities read successfully.
[20:57:46] [main/INFO]: You Shall Not Spawn's Config initialized
[20:57:46] [main/INFO]: Reflections took 3 ms to scan 1 urls, producing 1 keys and 4 values
[20:57:46] [main/INFO]: Reflections took 3 ms to scan 1 urls, producing 1 keys and 4 values
[20:57:46] [main/INFO]: Reflections took 1 ms to scan 1 urls, producing 1 keys and 2 values
[20:57:46] [main/INFO]: Reflections took 0 ms to scan 1 urls, producing 1 keys and 2 values
[20:57:47] [main/INFO]: Registering content
[20:57:47] [main/INFO]: Registered extendedae config for auto-sync function
[20:57:47] [main/INFO]: Initialised items.
[20:57:47] [main/INFO]: Initialised blocks.
[20:57:47] [main/INFO]: Initialised block entities.
[20:57:47] [main/INFO]: Initialised Applied Botanics integration.
[20:57:47] [main/INFO]: Initialised AE2WT integration.
[20:57:47] [main/INFO]: Chose [Entity Tags] as the active game stages implementation
[20:57:47] [main/INFO]: Chose [FALLBACK] as the active permissions implementation
[20:57:47] [main/INFO]: [FTB Quests] recipe helper provider is [NO-OP]
[20:57:47] [main/INFO]: [FTB Quests] Enabled Item Filters integration
[20:57:47] [main/INFO]: Its Morbin' time
[20:57:47] [main/INFO]: Initialized Frostiful server!
[20:57:47] [main/INFO]: [STDOUT]: [Modpack Update Checker] Registered commands
[20:57:48] [main/INFO]: Initialized block sets in 63ms
[20:57:48] [main/INFO]: Loaded config fastpaintings-common.json
[20:57:48] [main/INFO]: Loaded config amendments-client.json
[20:57:48] [main/INFO]: Initialized color sets in 126ms
[20:57:48] [main/INFO]: Finished mod setup in: [1, 1, 0, 0, 0, 0, 17, 1] ms
[20:57:48] [main/INFO]: Loading Open Parties and Claims!
[20:57:48] [main/INFO]: File exists, reading config for elocindev.prominent.config.ServerConfig.
[20:57:48] [main/INFO]: Config for elocindev.prominent.config.ServerConfig read successfully.
[20:57:48] [main/INFO]: Registering common data for channel xaerolib:main!
[20:57:48] [main/INFO]: Loading primary common config for channel xaerolib:main!
[20:57:48] [main/INFO]: Loading server config profiles for channel xaerolib:main!
[20:57:48] [main/INFO]: Loading XaeroLib common 1/2!
[20:57:48] [main/INFO]: Loading XaeroLib server 1/2!
[20:57:48] [main/INFO]: Registering common data for channel xaerominimap:main!
[20:57:48] [main/INFO]: Loading primary common config for channel xaerominimap:main!
[20:57:48] [main/INFO]: Loading server config profiles for channel xaerominimap:main!
[20:57:48] [main/INFO]: Loading Xaero's Minimap - Stage 1/2 (Server)
[20:57:48] [main/INFO]: Registering common data for channel xaeroworldmap:main!
[20:57:48] [main/INFO]: Loading primary common config for channel xaeroworldmap:main!
[20:57:48] [main/INFO]: Loading server config profiles for channel xaeroworldmap:main!
[20:57:48] [main/INFO]: Loading Xaero's World Map - Stage 1/2 (Server)
[20:57:49] [main/INFO]: Environment: authHost='https://authserver.mojang.com', accountsHost='https://api.mojang.com', sessionHost='https://sessionserver.mojang.com', servicesHost='https://api.minecraftservices.com', name='PROD'
[20:57:49] [main/INFO]: [DataFixerAPI] World Patches are disabled
[20:57:49] [main/INFO]: [Sortilege] Loading Configs for Sortilege
[20:57:49] [main/INFO]: Starting runtime resource generation for pack type SERVER_DATA with generators from mods [supplementaries]: [net.mehvahdjukaar.supplementaries.dynamicpack.ServerDynamicResourcesGenerator@650cb31d]
[20:57:49] [main/INFO]: Generating runtime assets for pack Supplementaries Generated Pack (supplementaries)
[20:57:49] [main/INFO]: Generated runtime SERVER_DATA for pack Supplementaries Generated Pack (supplementaries) in: 43 ms (multithreaded)
[20:57:49] [main/INFO]: Finished runtime resources generation for 1 packs in a total of 44 ms
[20:57:49] [main/INFO]: [bclib] Did not manage biome betterend:empty_aurora_cave
[20:57:49] [main/INFO]: [bclib] Did not manage biome betterend:empty_end_cave
[20:57:49] [main/INFO]: [bclib] Did not manage biome betterend:empty_smaragdant_cave
[20:57:49] [main/INFO]: [bclib] Did not manage biome betterend:jade_cave
[20:57:49] [main/INFO]: [bclib] Did not manage biome betterend:lush_aurora_cave
[20:57:49] [main/INFO]: [bclib] Did not manage biome betterend:lush_smaragdant_cave
[20:57:49] [main/INFO]: [bclib] Did not manage biome betterend:megalake_grove
[20:57:49] [main/INFO]: [bclib] Did not manage biome betterend:neon_oasis
[20:57:49] [main/INFO]: [bclib] Did not manage biome betterend:painted_mountains
[20:57:51] [main/INFO]: [bclib] Updating Pickers for BCLib - The End  BiomeSource (117229f)
[20:57:51] [main/INFO]: [bclib] Unable to build Biome List yet
[20:57:51] [main/INFO]: [bclib] No Void Biomes found. Disabling by using barrens
[20:57:51] [main/INFO]: [bclib] No Barrens Biomes found. Disabling by using land Biomes
[20:57:51] [main/WARN]: [bclib] No Center Island Biomes found. Forcing use of vanilla center.
[20:57:51] [main/INFO]: [bclib] Make sure features are loaded from terrablender:org.betterx.bclib.api.v2.generator.BCLibEndBiomeSource
[20:57:51] [main/INFO]: [bclib] Updating Pickers for BCLib - Nether BiomeSource (3ef6f8ac)
[20:57:51] [main/INFO]: [bclib] Unable to build Biome List yet
[20:57:51] [main/INFO]: [bclib] Make sure features are loaded from terrablender:org.betterx.bclib.api.v2.generator.BCLibNetherBiomeSource
[20:57:51] [main/INFO]: [bclib] Updating Pickers for BCLib - The End  BiomeSource (2545ff8f)
[20:57:51] [main/INFO]: [bclib] Unable to build Biome List yet
[20:57:51] [main/INFO]: [bclib] No Void Biomes found. Disabling by using barrens
[20:57:51] [main/INFO]: [bclib] No Barrens Biomes found. Disabling by using land Biomes
[20:57:51] [main/WARN]: [bclib] No Center Island Biomes found. Forcing use of vanilla center.
[20:57:51] [main/INFO]: [bclib] Make sure features are loaded from terrablender:org.betterx.bclib.api.v2.generator.BCLibEndBiomeSource
[20:57:51] [main/INFO]: [bclib] Updating Pickers for BCLib - Nether BiomeSource (4382732c)
[20:57:51] [main/INFO]: [bclib] Unable to build Biome List yet
[20:57:51] [main/INFO]: [bclib] Make sure features are loaded from terrablender:org.betterx.bclib.api.v2.generator.BCLibNetherBiomeSource
[20:57:51] [main/INFO]: [bclib] Updating Pickers for BCLib - The End  BiomeSource (33446f65)
[20:57:51] [main/INFO]: [bclib] Unable to build Biome List yet
[20:57:51] [main/INFO]: [bclib] No Void Biomes found. Disabling by using barrens
[20:57:51] [main/INFO]: [bclib] No Barrens Biomes found. Disabling by using land Biomes
[20:57:51] [main/WARN]: [bclib] No Center Island Biomes found. Forcing use of vanilla center.
[20:57:51] [main/INFO]: [bclib] Make sure features are loaded from terrablender:org.betterx.bclib.api.v2.generator.BCLibEndBiomeSource
[20:57:51] [main/INFO]: [bclib] Updating Pickers for BCLib - Nether BiomeSource (442597f8)
[20:57:51] [main/INFO]: [bclib] Unable to build Biome List yet
[20:57:51] [main/INFO]: [bclib] Make sure features are loaded from terrablender:org.betterx.bclib.api.v2.generator.BCLibNetherBiomeSource
[20:57:51] [main/INFO]: [bclib] Updating Pickers for BCLib - The End  BiomeSource (30f05776)
[20:57:51] [main/INFO]: [bclib] Unable to build Biome List yet
[20:57:51] [main/INFO]: [bclib] No Void Biomes found. Disabling by using barrens
[20:57:51] [main/INFO]: [bclib] No Barrens Biomes found. Disabling by using land Biomes
[20:57:51] [main/WARN]: [bclib] No Center Island Biomes found. Forcing use of vanilla center.
[20:57:51] [main/INFO]: [bclib] Make sure features are loaded from terrablender:org.betterx.bclib.api.v2.generator.BCLibEndBiomeSource
[20:57:51] [main/INFO]: [bclib] Updating Pickers for BCLib - Nether BiomeSource (30fb6458)
[20:57:51] [main/INFO]: [bclib] Unable to build Biome List yet
[20:57:51] [main/INFO]: [bclib] Make sure features are loaded from terrablender:org.betterx.bclib.api.v2.generator.BCLibNetherBiomeSource
[20:57:54] [main/INFO]: [betternether] Freeze Registry[ResourceKey[minecraft:root / worlds_together:worldgen/betterx/surface_rules] (Stable)]
[20:57:54] [main/INFO]: [betternether] Freeze Registry[ResourceKey[minecraft:root / worlds_together:worldgen/betterx/surface_rules] (Stable)]
[20:57:54] [main/INFO]: [betternether] Freeze Registry[ResourceKey[minecraft:root / worlds_together:worldgen/betterx/surface_rules] (Stable)]
[20:57:54] [main/INFO]: [betternether] Freeze Registry[ResourceKey[minecraft:root / worlds_together:worldgen/betterx/surface_rules] (Stable)]
[20:57:54] [main/WARN]: [bclib] No valid BCLBiome Registry available!
[20:57:54] [main/WARN]: [bclib] No valid Biome Registry available!
[20:57:54] [main/WARN]: Adding spell_power:fire to saved/remote registry.
[20:57:54] [main/WARN]: Adding spell_power:arcane to saved/remote registry.
[20:57:54] [main/WARN]: Adding adventurez:blackstoned_heart to saved/remote registry.
[20:57:54] [main/WARN]: Adding spell_power:frost to saved/remote registry.
[20:57:54] [main/WARN]: Adding aquamirae:crystallization to saved/remote registry.
[20:57:54] [main/INFO]: [fabric-registry-sync] Loaded registry data [file 1/4]
[20:57:54] [main/INFO]: [bclib] Updating Pickers for BCLib - The End  BiomeSource (6067ee61)
[20:57:54] [main/INFO]: [bclib] Unable to build Biome List yet
[20:57:54] [main/INFO]: [bclib] No Void Biomes found. Disabling by using barrens
[20:57:54] [main/INFO]: [bclib] No Barrens Biomes found. Disabling by using land Biomes
[20:57:54] [main/WARN]: [bclib] No Center Island Biomes found. Forcing use of vanilla center.
[20:57:54] [main/INFO]: [bclib] Make sure features are loaded from terrablender:org.betterx.bclib.api.v2.generator.BCLibEndBiomeSource
[20:57:55] [main/INFO]: [bclib] Updating Pickers for BCLib - Nether BiomeSource (324a2b18)
[20:57:55] [main/INFO]: [bclib] Unable to build Biome List yet
[20:57:55] [main/INFO]: [bclib] Make sure features are loaded from terrablender:org.betterx.bclib.api.v2.generator.BCLibNetherBiomeSource
[20:57:55] [main/INFO]: [betternether] Freeze Registry[ResourceKey[minecraft:root / worlds_together:worldgen/betterx/surface_rules] (Stable)]
[20:57:55] [main/INFO]: [betternether] Freeze Registry[ResourceKey[minecraft:root / worlds_together:worldgen/betterx/surface_rules] (Stable)]
[20:57:55] [main/INFO]: Registered /wine command
[20:57:55] [Worker-Main-1/INFO]: [Load My F***ing Tags]: Loaded Config File!
[20:57:56] [Worker-Main-1/INFO]: [Sortilege] Applying configured data: sortilege:tags/items/staffs.json
[20:57:56] [Worker-Main-1/WARN]: Tag entries for trinkets:tags/items/calendar/calendarslot.json cleared by Disable SeasonHUD Slot 1.1.1.zip
[20:57:56] [Worker-Main-1/WARN]: Tag entries for curios:tags/items/calendarslot.json cleared by Disable SeasonHUD Slot 1.1.1.zip
[20:57:56] [Worker-Main-3/WARN]: [Load My F***ing Tags]: Couldn't load certain entries within the tag integrated_api:collections/any_taiga: #repurposed_structures:collections/taigas (from fabric)
[20:57:56] [Worker-Main-3/WARN]: [Load My F***ing Tags]: Couldn't load certain entries within the tag explorations:has_feature/scarecrow/acacia: minecraft: (from Scarecrow_Obliterator.zip)
[20:57:56] [Worker-Main-3/WARN]: [Load My F***ing Tags]: Couldn't load certain entries within the tag explorations:has_feature/scarecrow/birch: minecraft: (from Scarecrow_Obliterator.zip)
[20:57:56] [Worker-Main-2/WARN]: [Load My F***ing Tags]: Couldn't load certain entries within the tag minecraft:village: integrated_villages:swamp_village (from fabric)
[20:57:56] [Worker-Main-3/WARN]: [Load My F***ing Tags]: Couldn't load certain entries within the tag explorations:has_feature/scarecrow/spruce: minecraft: (from Scarecrow_Obliterator.zip)
[20:57:56] [Worker-Main-3/WARN]: [Load My F***ing Tags]: Couldn't load certain entries within the tag explorations:has_feature/scarecrow/jungle: minecraft: (from Scarecrow_Obliterator.zip)
[20:57:56] [Worker-Main-3/WARN]: [Load My F***ing Tags]: Couldn't load certain entries within the tag explorations:has_feature/scarecrow/dark_oak: minecraft: (from Scarecrow_Obliterator.zip)
[20:57:56] [Worker-Main-3/WARN]: [Load My F***ing Tags]: Couldn't load certain entries within the tag explorations:has_feature/scarecrow/oak: minecraft: (from Scarecrow_Obliterator.zip)
[20:57:56] [Worker-Main-3/WARN]: [Load My F***ing Tags]: Couldn't load certain entries within the tag explorations:has_feature/scarecrow/mangrove: minecraft: (from Scarecrow_Obliterator.zip)
[20:57:56] [Worker-Main-3/WARN]: [Load My F***ing Tags]: Couldn't load certain entries within the tag bewitchment:has_blood: minecraft:player (from alms_bewitchment_tweaks-1.20.1-1.1.0.zip), minecraft:villager (from alms_bewitchment_tweaks-1.20.1-1.1.0.zip), minecraft:wandering_trader (from alms_bewitchment_tweaks-1.20.1-1.1.0.zip), minecraft:witch (from alms_bewitchment_tweaks-1.20.1-1.1.0.zip), minecraft:pillager (from alms_bewitchment_tweaks-1.20.1-1.1.0.zip), minecraft:vindicator (from alms_bewitchment_tweaks-1.20.1-1.1.0.zip), minecraft:evoker (from alms_bewitchment_tweaks-1.20.1-1.1.0.zip), minecraft:illusioner (from alms_bewitchment_tweaks-1.20.1-1.1.0.zip), minecraft:piglin (from alms_bewitchment_tweaks-1.20.1-1.1.0.zip), minecraft:piglin_brute (from alms_bewitchment_tweaks-1.20.1-1.1.0.zip), bewitchment:vampire (from alms_bewitchment_tweaks-1.20.1-1.1.0.zip)
[20:57:56] [Worker-Main-2/WARN]: [Load My F***ing Tags]: Couldn't load certain entries within the tag undergarden:undergarden_entities: undergarden:rotling (from fabric), undergarden:rotwalker (from fabric), undergarden:rotbeast (from fabric), undergarden:dweller (from fabric), undergarden:gwibling (from fabric), undergarden:brute (from fabric), undergarden:scintling (from fabric), undergarden:gloomper (from fabric), undergarden:stoneborn (from fabric), undergarden:nargoyle (from fabric), undergarden:muncher (from fabric), undergarden:sploogie (from fabric), undergarden:gwib (from fabric), undergarden:mog (from fabric), undergarden:smog_mog (from fabric), undergarden:forgotten (from fabric)
[20:57:56] [Worker-Main-1/WARN]: [Load My F***ing Tags]: Couldn't load certain entries within the tag spell_power:enchant_spell_power_soulfrost: spellbladenext:runefrosted_armor_head (from spell_enchants_for_all_armor_edition_1.20.1-1.1.0.zip), spellbladenext:runefrosted_armor_chest (from spell_enchants_for_all_armor_edition_1.20.1-1.1.0.zip), spellbladenext:runefrosted_armor_legs (from spell_enchants_for_all_armor_edition_1.20.1-1.1.0.zip), spellbladenext:runefrosted_armor_feet (from spell_enchants_for_all_armor_edition_1.20.1-1.1.0.zip), spellbladenext:frozen_armor_chest (from spell_enchants_for_all_armor_edition_1.20.1-1.1.0.zip), spellbladenext:frozen_armor_legs (from spell_enchants_for_all_armor_edition_1.20.1-1.1.0.zip), spellbladenext:frozen_armor_feet (from spell_enchants_for_all_armor_edition_1.20.1-1.1.0.zip)
[20:57:56] [Worker-Main-3/WARN]: The following tags are invalid and will be ignored: [c:potassium_nitrate_dusts, c:chrome_blocks, c:coal_gears, c:lumium_gems, c:coal_coke_ingots, c:peridot_storage_blocks, c:raw_charcoal_ores, c:steel_gems, c:mithril_plates, c:fluorite_gems, c:signalum_dusts, c:charcoal_nuggets, c:constantan_dusts, c:osmium_gems, c:zinc_rods, c:copper_storage_blocks, c:sulfur_nuggets, c:amber_blocks, c:raw_netherite_storage_blocks, c:lumium_wires, c:cinnabar_wires, c:tungsten_gems, c:invar_gems, c:uranium_storage_blocks, c:aeternium_ores, c:cobalt_rods, c:signalum_ingots, c:emerald_raw_materials, c:elementium_storage_blocks, c:tungsten_storage_blocks, c:emerald_gems, c:lumium_plates, c:silver_wires, c:enderium_ores, c:raw_steel_storage_blocks, c:potassium_nitrate_blocks, c:fluorite_nuggets, c:peridot_gears, c:charcoal_rods, c:nickel_rods, c:mithril_ingots, c:lead_wires, c:graphite_raw_materials, c:enderium_nuggets, c:sapphire_ingots, c:emerald_gears, c:electrum_storage_blocks, c:signalum_storage_blocks, c:lumium_dusts, c:amber_gems, c:raw_invar_blocks, c:charcoal_raw_materials, c:cobalt_raw_materials, c:signalum_plates, c:enderium_gears, c:bitumen_ores, c:elementium_blocks, c:iridium_storage_blocks, c:constantan_gems, c:bitumen_wires, c:cobalt_nuggets, c:elementium_raw_materials, c:raw_sulfur_blocks, c:raw_coal_coke_storage_blocks, c:raw_cobalt_blocks, c:graphite_storage_blocks, c:zinc_storage_blocks, c:elementium_gems, c:raw_osmium_blocks, c:ruby_ingots, c:raw_uranium_storage_blocks, c:raw_brass_storage_blocks, c:mithril_storage_blocks, c:raw_iron_storage_blocks, c:silver_raw_materials, c:mithril_gems, c:steel_wires, c:lumium_rods, c:constantan_wires, c:charcoal_plates, c:sulfur_plates, c:chrome_gears, c:brass_ores, c:peridot_nuggets, c:raw_potassium_nitrate_storage_blocks, c:ruby_wires, c:ruby_gears, c:bronze_ores, c:electrum_gears, c:obsidian_ores, c:potassium_nitrate_wires, c:osmium_plates, c:elementium_rods, c:coal_storage_blocks, c:bronze_storage_blocks, c:lapis_rods, c:graphite_ingots, c:graphite_plates, c:raw_aeternium_ores, c:fluorite_gears, c:osmium_rods, c:potassium_nitrate_storage_blocks, c:raw_gold_storage_blocks, c:raw_apatite_storage_blocks, c:raw_nickel_storage_blocks, c:chrome_ores, c:osmium_ingots, c:coal_raw_materials, c:raw_enderium_storage_blocks, c:bitumen_dusts, c:cinnabar_storage_blocks, c:charcoal_ingots, c:sulfur_ingots, c:nickel_gems, c:fluorite_blocks, c:raw_brass_blocks, c:coal_coke_plates, c:constantan_rods, c:peridot_rods, c:platinum_raw_materials, c:obsidian_nuggets, c:aluminum_ores, c:iridium_gears, c:apatite_ingots, c:raw_lapis_storage_blocks, c:raw_bronze_blocks, c:coal_coke_rods, c:electrum_gems, c:raw_peridot_blocks, c:uranium_wires, c:aeternium_wires, c:sulfur_raw_materials, c:apatite_rods, c:amber_rods, c:cinnabar_gears, c:iron_gems, c:lumium_raw_materials, c:apatite_plates, c:sulfur_ores, c:signalum_wires, c:bitumen_blocks, c:chrome_raw_materials, c:iron_storage_blocks, c:mithril_rods, c:raw_invar_storage_blocks, c:graphite_gears, c:raw_coal_storage_blocks, c:diamond_wires, c:enderium_blocks, c:raw_constantan_storage_blocks, c:silver_storage_blocks, c:electrum_ores, c:raw_osmium_storage_blocks, c:amber_nuggets, c:peridot_wires, c:raw_emerald_blocks, c:nickel_gears, c:graphite_rods, c:fluorite_raw_materials, c:graphite_nuggets, c:obsidian_ingots, c:nickel_raw_materials, c:nickel_storage_blocks, c:cinnabar_blocks, c:obsidian_storage_blocks, c:bitumen_nuggets, c:mithril_dusts, c:emerald_wires, c:sapphire_gems, c:aeternium_gears, c:lumium_blocks, c:ruby_gems, c:charcoal_blocks, c:mithril_nuggets, c:lumium_ores, c:steel_storage_blocks, c:coal_coke_raw_materials, c:signalum_rods, c:raw_amber_blocks, c:tin_raw_materials, c:iridium_rods, c:aeternium_dusts, c:iridium_raw_materials, c:raw_bronze_storage_blocks, c:constantan_storage_blocks, c:osmium_ores, c:elementium_wires, c:raw_charcoal_blocks, c:apatite_storage_blocks, c:lumium_gears, c:raw_elementium_ores, c:raw_cinnabar_storage_blocks, c:lumium_nuggets, c:fluorite_storage_blocks, c:raw_aluminum_ores, c:brass_gears, c:aluminum_raw_materials, c:lumium_storage_blocks, c:raw_sulfur_ores, c:lapis_raw_materials, c:constantan_blocks, c:tungsten_gears, c:gold_gems, c:raw_osmium_ores, c:lead_gems, c:netherite_plates, c:coal_coke_blocks, c:sapphire_gears, c:sapphire_nuggets, c:graphite_gems, c:chrome_wires, c:osmium_raw_materials, c:tungsten_wires, c:potassium_nitrate_gears, c:amber_plates, c:diamond_raw_materials, c:graphite_dusts, c:charcoal_wires, c:cobalt_gems, c:potassium_nitrate_plates, c:lead_storage_blocks, c:platinum_storage_blocks, c:raw_lumium_ores, c:platinum_gears, c:potassium_nitrate_ingots, c:raw_mithril_storage_blocks, c:enderium_dusts, c:raw_constantan_blocks, c:cinnabar_raw_materials, c:raw_apatite_ores, c:raw_coal_blocks, c:raw_diamond_ores, c:invar_wires, c:raw_lapis_ores, c:raw_aeternium_blocks, c:elementium_nuggets, c:lead_gears, c:obsidian_gems, c:peridot_raw_materials, c:nickel_wires, c:aluminum_storage_blocks, c:elementium_gears, c:brass_gems, c:sulfur_storage_blocks, c:lapis_gems, c:raw_signalum_storage_blocks, c:raw_brass_ores, c:iridium_gems, c:raw_lead_storage_blocks, c:constantan_gears, c:fluorite_ores, c:raw_ruby_blocks, c:raw_bronze_ores, c:raw_tin_storage_blocks, c:signalum_gems, c:zinc_gems, c:raw_cobalt_ores, c:raw_diamond_blocks, c:raw_peridot_storage_blocks, c:obsidian_wires, c:coal_coke_dusts, c:potassium_nitrate_ores, c:charcoal_ores, c:coal_gems, c:raw_coal_coke_ores, c:raw_chrome_blocks, c:silver_gems, c:lead_raw_materials, c:lead_rods, c:cobalt_wires, c:brass_raw_materials, c:sulfur_gems, c:graphite_blocks, c:netherite_dusts, c:raw_mithril_ores, c:raw_sapphire_blocks, c:apatite_nuggets, c:raw_electrum_blocks, c:osmium_blocks, c:charcoal_storage_blocks, c:sapphire_storage_blocks, c:amber_storage_blocks, c:raw_platinum_storage_blocks, c:tungsten_raw_materials, c:netherite_gems, c:graphite_wires, c:osmium_gears, c:aluminum_wires, c:fluorite_wires, c:bronze_gems, c:raw_elementium_storage_blocks, c:raw_potassium_nitrate_ores, c:sapphire_wires, c:raw_signalum_blocks, c:apatite_blocks, c:mithril_wires, c:obsidian_rods, c:emerald_storage_blocks, c:aeternium_plates, c:bitumen_plates, c:ruby_nuggets, c:osmium_dusts, c:amber_ingots, c:enderium_rods, c:raw_lumium_storage_blocks, c:chrome_gems, c:raw_cinnabar_ores, c:raw_emerald_ores, c:cobalt_storage_blocks, c:cinnabar_nuggets, c:raw_cobalt_storage_blocks, c:signalum_nuggets, c:fluorite_ingots, c:copper_gems, c:gold_wires, c:constantan_ores, c:lapis_storage_blocks, c:netherite_rods, c:coal_rods, c:raw_invar_ores, c:sapphire_rods, c:coal_nuggets, c:aeternium_ingots, c:cobalt_dusts, c:lapis_gears, c:silver_rods, c:netherite_storage_blocks, c:platinum_wires, c:raw_graphite_blocks, c:fluorite_plates, c:sapphire_raw_materials, c:chrome_ingots, c:obsidian_gears, c:sulfur_rods, c:raw_potassium_nitrate_blocks, c:elementium_ingots, c:coal_coke_ores, c:bitumen_raw_materials, c:apatite_ores, c:lapis_wires, c:raw_steel_blocks, c:bitumen_ingots, c:raw_obsidian_ores, c:chrome_plates, c:electrum_raw_materials, c:raw_mithril_blocks, c:invar_raw_materials, c:amber_wires, c:raw_cinnabar_blocks, c:raw_chrome_storage_blocks, c:raw_elementium_blocks, c:brass_wires, c:raw_bitumen_ores, c:iron_wires, c:invar_storage_blocks, c:raw_charcoal_storage_blocks, c:signalum_raw_materials, c:ruby_rods, c:emerald_ingots, c:gold_storage_blocks, c:charcoal_gears, c:amber_raw_materials, c:tin_wires, c:osmium_wires, c:aeternium_raw_materials, c:enderium_gems, c:raw_steel_ores, c:chrome_rods, c:chrome_storage_blocks, c:zinc_wires, c:diamond_ingots, c:raw_aluminum_blocks, c:cinnabar_rods, c:raw_netherite_blocks, c:graphite_ores, c:raw_netherite_ores, c:apatite_wires, c:elementium_plates, c:osmium_nuggets, c:diamond_gears, c:cobalt_ores, c:diamond_rods, c:elementium_dusts, c:constantan_raw_materials, c:platinum_rods, c:apatite_raw_materials, c:aeternium_rods, c:constantan_ingots, c:raw_sulfur_storage_blocks, c:silver_gears, c:bitumen_gems, c:coal_ingots, c:lapis_nuggets, c:bronze_wires, c:apatite_dusts, c:raw_aeternium_storage_blocks, c:invar_ores, c:coal_wires, c:raw_electrum_ores, c:potassium_nitrate_nuggets, c:apatite_gems, c:aeternium_blocks, c:signalum_ores, c:steel_raw_materials, c:uranium_raw_materials, c:amber_ores, c:raw_diamond_storage_blocks, c:bronze_raw_materials, c:aeternium_nuggets, c:enderium_storage_blocks, c:cobalt_gears, c:raw_fluorite_ores, c:cobalt_ingots, c:netherite_gears, c:raw_signalum_ores, c:constantan_plates, c:steel_ores, c:mithril_blocks, c:brass_storage_blocks, c:coal_coke_storage_blocks, c:raw_obsidian_blocks, c:raw_bitumen_storage_blocks, c:mithril_ores, c:netherite_ores, c:enderium_wires, c:raw_lumium_blocks, c:enderium_raw_materials, c:potassium_nitrate_gems, c:raw_constantan_ores, c:diamond_gems, c:copper_wires, c:elementium_ores, c:cobalt_plates, c:coal_coke_gems, c:raw_ruby_storage_blocks, c:cinnabar_gems, c:aeternium_gems, c:amber_gears, c:raw_graphite_ores, c:raw_iridium_storage_blocks, c:platinum_gems, c:tin_storage_blocks, c:sulfur_gears, c:amber_dusts, c:raw_amber_ores, c:raw_aluminum_storage_blocks, c:bitumen_storage_blocks, c:raw_sapphire_storage_blocks, c:raw_chrome_ores, c:raw_silver_storage_blocks, c:raw_ruby_ores, c:raw_copper_storage_blocks, c:raw_obsidian_storage_blocks, c:coal_coke_wires, c:aeternium_storage_blocks, c:zinc_gears, c:uranium_plates, c:raw_enderium_blocks, c:chrome_nuggets, c:potassium_nitrate_raw_materials, c:raw_zinc_storage_blocks, c:fluorite_rods, c:raw_emerald_storage_blocks, c:enderium_plates, c:zinc_raw_materials, c:signalum_blocks, c:raw_fluorite_blocks, c:bitumen_rods, c:raw_lapis_blocks, c:uranium_gems, c:ruby_storage_blocks, c:coal_coke_gears, c:mithril_gears, c:bitumen_gears, c:obsidian_blocks, c:raw_amber_storage_blocks, c:raw_tungsten_storage_blocks, c:raw_bitumen_blocks, c:mithril_raw_materials, c:cinnabar_ingots, c:sulfur_wires, c:signalum_gears, c:aluminum_gems, c:uranium_gears, c:enderium_ingots, c:apatite_gears, c:osmium_storage_blocks, c:raw_coal_ores, c:charcoal_gems, c:lumium_ingots, c:emerald_rods, c:fluorite_dusts, c:tin_gems, c:netherite_raw_materials, c:raw_coal_coke_blocks, c:cinnabar_plates, c:iridium_wires, c:raw_sapphire_ores, c:peridot_ingots, c:constantan_nuggets, c:raw_fluorite_storage_blocks, c:coal_coke_nuggets, c:obsidian_raw_materials, c:raw_electrum_storage_blocks, c:lapis_ingots, c:raw_enderium_ores, c:raw_apatite_blocks, c:netherite_wires, c:raw_peridot_ores, c:chrome_dusts, c:ruby_raw_materials, c:raw_graphite_storage_blocks, c:potassium_nitrate_rods, c:diamond_storage_blocks]
[20:57:57] [Worker-Main-1/INFO]: [Sortilege] Neutralized recipes [], as their corresponding staffs are not loaded.
[20:57:57] [Worker-Main-1/ERROR]: Couldn't parse data file powah:energizing/overcharged_diamond_from_diamond_alt from powah:recipes/energizing/overcharged_diamond_from_diamond_alt.json
com.google.gson.JsonParseException: com.google.gson.stream.MalformedJsonException: Unterminated object at line 6 column 5 path $.ingredients[0].tag
	at net.minecraft.util.JsonHelper.deserializeNullable(JsonHelper.java:526) ~[server-intermediary.jar:?]
	at net.minecraft.util.JsonHelper.deserialize(JsonHelper.java:531) ~[server-intermediary.jar:?]
	at net.minecraft.util.JsonHelper.deserialize(JsonHelper.java:581) ~[server-intermediary.jar:?]
	at net.minecraft.resource.JsonDataLoader.load(JsonDataLoader.java:44) ~[server-intermediary.jar:?]
	at net.minecraft.resource.JsonDataLoader.prepare(JsonDataLoader.java:32) ~[server-intermediary.jar:?]
	at com.recipeessentials.recipecache.RecipeManager.prepare(RecipeManager.java:22) ~[recipeessentials-fabric-1.20.1-4.1.jar:?]
	at net.minecraft.resource.SinglePreparationResourceReloader.method_18791(SinglePreparationResourceReloader.java:11) ~[server-intermediary.jar:?]
	at java.util.concurrent.CompletableFuture$AsyncSupply.run(CompletableFuture.java:1768) ~[?:?]
	at java.util.concurrent.CompletableFuture$AsyncSupply.exec(CompletableFuture.java:1760) ~[?:?]
	at java.util.concurrent.ForkJoinTask.doExec(ForkJoinTask.java:373) ~[?:?]
	at java.util.concurrent.ForkJoinPool$WorkQueue.topLevelExec(ForkJoinPool.java:1182) ~[?:?]
	at java.util.concurrent.ForkJoinPool.scan(ForkJoinPool.java:1655) ~[?:?]
	at java.util.concurrent.ForkJoinPool.runWorker(ForkJoinPool.java:1622) ~[?:?]
	at java.util.concurrent.ForkJoinWorkerThread.run(ForkJoinWorkerThread.java:165) ~[?:?]
Caused by: com.google.gson.stream.MalformedJsonException: Unterminated object at line 6 column 5 path $.ingredients[0].tag
	at com.google.gson.stream.JsonReader.syntaxError(JsonReader.java:1657) ~[gson-2.10.jar:?]
	at com.google.gson.stream.JsonReader.doPeek(JsonReader.java:500) ~[gson-2.10.jar:?]
	at com.google.gson.stream.JsonReader.hasNext(JsonReader.java:422) ~[gson-2.10.jar:?]
	at com.google.gson.internal.bind.TypeAdapters$28.read(TypeAdapters.java:779) ~[gson-2.10.jar:?]
	at com.google.gson.internal.bind.TypeAdapters$28.read(TypeAdapters.java:725) ~[gson-2.10.jar:?]
	at com.google.gson.internal.bind.TypeAdapters$34$1.read(TypeAdapters.java:1007) ~[gson-2.10.jar:?]
	at net.minecraft.util.JsonHelper.deserializeNullable(JsonHelper.java:524) ~[server-intermediary.jar:?]
	... 13 more
[20:58:08] [main/INFO]: parsing loot tables
[20:58:09] [main/INFO]: finished parsing loot tables in 587
[20:58:09] [main/INFO]: [bclib] Disabling Recipe: bclib:test_star
[20:58:09] [main/WARN]: Recipe count: 29804
[20:58:09] [main/WARN]: Item 'minecraft:raw_gold' has multiple preferred tags '[c:gold_raw_materials, c:raw_gold_ores]' for recipe replacement. This needs to be manually fixed by the user.
[20:58:09] [main/WARN]: Item 'minecraft:raw_iron' has multiple preferred tags '[c:raw_iron_ores, c:iron_raw_materials]' for recipe replacement. This needs to be manually fixed by the user.
[20:58:09] [main/WARN]: Item 'minecraft:raw_copper' has multiple preferred tags '[c:raw_copper_ores, c:copper_raw_materials]' for recipe replacement. This needs to be manually fixed by the user.
[20:58:11] [main/WARN]: Recipe count afterwards: 29703 (done in 1.414 s)
[20:58:11] [main/ERROR]: Parsing error loading recipe mcda:upgrade_royal_guard_boots Unknown item 'mcda:royal_guard_armor_boots'
[20:58:11] [main/ERROR]: Parsing error loading recipe mcda:upgrade_shadow_walker_boots Unknown item 'mcda:shadow_walker_armor_boots'
[20:58:11] [main/ERROR]: Parsing error loading recipe farmersknives:manasteel_knife Unknown item 'farmersknives:manasteel_knife'
[20:58:11] [main/ERROR]: Parsing error loading recipe mcdw:scythe_jailors_scythe Unknown item 'mcdw:scythe_jailors_scythe'
[20:58:11] [main/ERROR]: Parsing error loading recipe mcda:upgrade_gilded_glory_chestplate Unknown item 'mcda:gilded_glory_chestplate'
[20:58:11] [main/WARN]: Your custom createaddition:rolling/brass_ingot recipe (createaddition:rolling/brass_ingot) specified a duration. Durations have no impact on this type of recipe.
[20:58:11] [main/ERROR]: Parsing error loading recipe emi_letsdo_compat:cake_cut/pudding_cake_cut Invalid or unsupported recipe type 'emi_letsdo_compat:cake_cut'
[20:58:11] [main/ERROR]: Parsing error loading recipe endrem:apotheosis_cryptic_eye Invalid or unsupported recipe type 'apotheosis:enchanting'
[20:58:11] [main/WARN]: Your custom createaddition:charging/weathered_copper recipe (createaddition:charging/weathered_copper) specified a duration. Durations have no impact on this type of recipe.
[20:58:11] [main/WARN]: Your custom createaddition:charging/cut_copper_slab recipe (createaddition:charging/cut_copper_slab) specified a duration. Durations have no impact on this type of recipe.
[20:58:11] [main/ERROR]: Parsing error loading recipe mcdw:glaive_glaive Unknown item 'mcdw:sword_iron_sword_var'
[20:58:11] [main/ERROR]: Parsing error loading recipe spellbladenext:finalstrikeoil Unknown item 'spellbladenext:spelloil'
[20:58:11] [main/ERROR]: Parsing error loading recipe emi_letsdo_compat:cake_cut/chocolate_gateau_cake_cut Invalid or unsupported recipe type 'emi_letsdo_compat:cake_cut'
[20:58:11] [main/ERROR]: Parsing error loading recipe mcda:upgrade_troubadour_armor_chestplate Unknown item 'mcda:troubadour_armor_chestplate'
[20:58:11] [main/ERROR]: Parsing error loading recipe mcda:upgrade_nimble_turtle_helmet Unknown item 'mcda:nimble_turtle_armor_helmet'
[20:58:11] [main/ERROR]: Parsing error loading recipe mcda:upgrade_gilded_glory_boots Unknown item 'mcda:gilded_glory_boots'
[20:58:11] [main/WARN]: Your custom createaddition:charging/exposed_cut_copper recipe (createaddition:charging/exposed_cut_copper) specified a duration. Durations have no impact on this type of recipe.
[20:58:11] [main/WARN]: Your custom createaddition:rolling/electrum_ingot recipe (createaddition:rolling/electrum_ingot) specified a duration. Durations have no impact on this type of recipe.
[20:58:11] [main/WARN]: Your custom createaddition:charging/exposed_cut_copper_slab recipe (createaddition:charging/exposed_cut_copper_slab) specified a duration. Durations have no impact on this type of recipe.
[20:58:11] [main/ERROR]: Parsing error loading recipe emi_letsdo_compat:bread_to_cheese_stick Invalid or unsupported recipe type 'emi_letsdo_compat:fondue_use'
[20:58:11] [main/WARN]: Your custom createaddition:charging/weathered_copper_shingle_stairs recipe (createaddition:charging/weathered_copper_shingle_stairs) specified a duration. Durations have no impact on this type of recipe.
[20:58:11] [main/ERROR]: Parsing error loading recipe farmersknives:terra_knife Unknown item 'farmersknives:terra_knife'
[20:58:11] [main/ERROR]: Parsing error loading recipe mcda:upgrade_shadow_walker_chestplate Unknown item 'mcda:shadow_walker_armor_chestplate'
[20:58:11] [main/ERROR]: Parsing error loading recipe simplyskills:malevolent_manuscript Unknown item 'simplyskills:malevolent_manuscript'
[20:58:11] [main/ERROR]: Parsing error loading recipe spellbladenext:tabula Unknown item 'spellbladenext:tabula_rasa'
[20:58:11] [main/WARN]: Your custom createaddition:charging/copper_block recipe (createaddition:charging/copper_block) specified a duration. Durations have no impact on this type of recipe.
[20:58:11] [main/ERROR]: Parsing error loading recipe emi_letsdo_compat:cake_cut/chocolate_cake_cake_cut Invalid or unsupported recipe type 'emi_letsdo_compat:cake_cut'
[20:58:11] [main/WARN]: Your custom createaddition:rolling/straw recipe (createaddition:rolling/straw) specified a duration. Durations have no impact on this type of recipe.
[20:58:11] [main/ERROR]: Parsing error loading recipe mcda:upgrade_troubadour_armor_helmet Unknown item 'mcda:troubadour_armor_helmet'
[20:58:11] [main/ERROR]: Parsing error loading recipe mcda:upgrade_royal_guard_helmet Unknown item 'mcda:royal_guard_armor_helmet'
[20:58:11] [main/WARN]: Your custom createaddition:charging/exposed_copper_shingle_stairs recipe (createaddition:charging/exposed_copper_shingle_stairs) specified a duration. Durations have no impact on this type of recipe.
[20:58:11] [main/WARN]: Your custom createaddition:charging/cut_copper_block recipe (createaddition:charging/cut_copper_block) specified a duration. Durations have no impact on this type of recipe.
[20:58:11] [main/ERROR]: Parsing error loading recipe mcda:upgrade_shadow_walker_helmet Unknown item 'mcda:shadow_walker_armor_helmet'
[20:58:11] [main/ERROR]: Parsing error loading recipe emi_letsdo_compat:cake_cut/sweetberry_cake_cake_cut Invalid or unsupported recipe type 'emi_letsdo_compat:cake_cut'
[20:58:11] [main/WARN]: Your custom createaddition:charging/weathered_cut_copper_stairs recipe (createaddition:charging/weathered_cut_copper_stairs) specified a duration. Durations have no impact on this type of recipe.
[20:58:11] [main/WARN]: Your custom createaddition:compat/ae2/charged_certus_quartz recipe (createaddition:compat/ae2/charged_certus_quartz) specified a duration. Durations have no impact on this type of recipe.
[20:58:11] [main/ERROR]: Parsing error loading recipe mcdw:sword_freezing_foil Unknown item 'mcdw:sword_freezing_foil'
[20:58:11] [main/ERROR]: Parsing error loading recipe mcda:upgrade_gilded_glory_leggings Unknown item 'mcda:gilded_glory_leggings'
[20:58:11] [main/WARN]: Your custom createaddition:charging/weathered_cut_copper_slab recipe (createaddition:charging/weathered_cut_copper_slab) specified a duration. Durations have no impact on this type of recipe.
[20:58:11] [main/WARN]: Your custom createaddition:charging/weathered_copper_shingle_slab recipe (createaddition:charging/weathered_copper_shingle_slab) specified a duration. Durations have no impact on this type of recipe.
[20:58:11] [main/ERROR]: Parsing error loading recipe zenith:sigil_of_enhancement Unknown item 'zenith:gem_dust'
[20:58:11] [main/ERROR]: Parsing error loading recipe mcda:upgrade_troubadour_armor_leggings Unknown item 'mcda:troubadour_armor_leggings'
[20:58:11] [main/ERROR]: Parsing error loading recipe emi_letsdo_compat:cheese_fondue_fill Invalid or unsupported recipe type 'emi_letsdo_compat:fondue_fill'
[20:58:11] [main/ERROR]: Parsing error loading recipe invoke:null_rune Unknown item 'invoke:null_rune'
[20:58:11] [main/WARN]: Your custom createaddition:charging/weathered_copper_shingles recipe (createaddition:charging/weathered_copper_shingles) specified a duration. Durations have no impact on this type of recipe.
[20:58:11] [main/ERROR]: Parsing error loading recipe mcdw:sickle_nightmares_bite Unknown item 'mcdw:sickle_nightmares_bite'
[20:58:11] [main/INFO]: [STDOUT]: empty indrev:salt
[20:58:11] [main/WARN]: Your custom createaddition:charging/exposed_copper recipe (createaddition:charging/exposed_copper) specified a duration. Durations have no impact on this type of recipe.
[20:58:11] [main/ERROR]: Parsing error loading recipe emi_letsdo_compat:cake_cut/glowberry_tart_cake_cut Invalid or unsupported recipe type 'emi_letsdo_compat:cake_cut'
[20:58:11] [main/ERROR]: Parsing error loading recipe emi_letsdo_compat:cake_cut/linzer_tart_cake_cut Invalid or unsupported recipe type 'emi_letsdo_compat:cake_cut'
[20:58:11] [main/WARN]: Your custom createaddition:charging/copper_shingle_stairs recipe (createaddition:charging/copper_shingle_stairs) specified a duration. Durations have no impact on this type of recipe.
[20:58:11] [main/ERROR]: Parsing error loading recipe emi_letsdo_compat:cake_cut/strawberry_cake_cake_cut Invalid or unsupported recipe type 'emi_letsdo_compat:cake_cut'
[20:58:11] [main/ERROR]: Parsing error loading recipe mcda:upgrade_shadow_walker_leggings Unknown item 'mcda:shadow_walker_armor_leggings'
[20:58:11] [main/WARN]: Your custom createaddition:rolling/copper_ingot recipe (createaddition:rolling/copper_ingot) specified a duration. Durations have no impact on this type of recipe.
[20:58:11] [main/WARN]: Your custom createaddition:rolling/etrium_ingot recipe (createaddition:rolling/etrium_ingot) specified a duration. Durations have no impact on this type of recipe.
[20:58:11] [main/ERROR]: Parsing error loading recipe mcda:upgrade_nimble_turtle_leggings Unknown item 'mcda:nimble_turtle_armor_leggings'
[20:58:11] [main/ERROR]: Parsing error loading recipe mcda:upgrade_cauldron_helmet Unknown item 'mcda:cauldron_armor_helmet'
[20:58:11] [main/ERROR]: Parsing error loading recipe mcda:upgrade_troubadour_armor_boots Unknown item 'mcda:troubadour_armor_boots'
[20:58:11] [main/ERROR]: Parsing error loading recipe mcda:upgrade_gilded_glory_helmet Unknown item 'mcda:gilded_glory_helmet'
[20:58:11] [main/ERROR]: Parsing error loading recipe mcda:upgrade_royal_guard_leggings Unknown item 'mcda:royal_guard_armor_leggings'
[20:58:11] [main/ERROR]: Parsing error loading recipe farmersknives:elementium_knife Unknown item 'farmersknives:elementium_knife'
[20:58:11] [main/ERROR]: Parsing error loading recipe sortilege:lapis_shield Unknown item 'sortilege:lapis_shield'
[20:58:11] [main/ERROR]: Parsing error loading recipe spellbladenext:eviscerateoil Unknown item 'spellbladenext:spelloil'
[20:58:11] [main/WARN]: Your custom createaddition:charging/exposed_cut_copper_stairs recipe (createaddition:charging/exposed_cut_copper_stairs) specified a duration. Durations have no impact on this type of recipe.
[20:58:11] [main/WARN]: Your custom createaddition:rolling/electrum_plate recipe (createaddition:rolling/electrum_plate) specified a duration. Durations have no impact on this type of recipe.
[20:58:11] [main/ERROR]: Parsing error loading recipe emi_letsdo_compat:cake_cut/chocolate_tart_cake_cut Invalid or unsupported recipe type 'emi_letsdo_compat:cake_cut'
[20:58:11] [main/ERROR]: Parsing error loading recipe zenith:sigil_of_rebirth Unknown item 'zenith:gem_dust'
[20:58:11] [main/ERROR]: Parsing error loading recipe mcda:upgrade_nimble_turtle_boots Unknown item 'mcda:nimble_turtle_armor_boots'
[20:58:11] [main/WARN]: Your custom createaddition:charging/copper_shingle_slab recipe (createaddition:charging/copper_shingle_slab) specified a duration. Durations have no impact on this type of recipe.
[20:58:11] [main/WARN]: Your custom createaddition:rolling/iron_plate recipe (createaddition:rolling/iron_plate) specified a duration. Durations have no impact on this type of recipe.
[20:58:11] [main/ERROR]: Parsing error loading recipe supplementaries:integration/ash_bricks_fd An ingredient entry needs either a tag or an item
[20:58:11] [main/WARN]: Your custom createaddition:rolling/gold_plate recipe (createaddition:rolling/gold_plate) specified a duration. Durations have no impact on this type of recipe.
[20:58:11] [main/ERROR]: Parsing error loading recipe ae2:charger/charged_certus_quartz_crystal_calt2 Invalid or unsupported recipe type 'extendedae:ex_charger'
[20:58:11] [main/ERROR]: Parsing error loading recipe mcda:upgrade_cauldron_leggings Unknown item 'mcda:cauldron_armor_leggings'
[20:58:11] [main/ERROR]: Parsing error loading recipe emi_letsdo_compat:cheese_blocks_fondue_fill Invalid or unsupported recipe type 'emi_letsdo_compat:fondue_fill'
[20:58:11] [main/ERROR]: Parsing error loading recipe mcdw:double_axe_whirlwind Unknown item 'mcdw:double_axe_whirlwind'
[20:58:11] [main/ERROR]: Parsing error loading recipe supplementaries:integration/lapis_bricks_fd An ingredient entry needs either a tag or an item
[20:58:11] [main/WARN]: Your custom createaddition:rolling/iron_ingot recipe (createaddition:rolling/iron_ingot) specified a duration. Durations have no impact on this type of recipe.
[20:58:11] [main/WARN]: Your custom createaddition:charging/copper_shingles recipe (createaddition:charging/copper_shingles) specified a duration. Durations have no impact on this type of recipe.
[20:58:11] [main/ERROR]: Parsing error loading recipe mcda:upgrade_nimble_turtle_chestplate Unknown item 'mcda:nimble_turtle_armor_chestplate'
[20:58:11] [main/ERROR]: Parsing error loading recipe mcda:upgrade_cauldron_boots Unknown item 'mcda:cauldron_armor_boots'
[20:58:11] [main/ERROR]: Parsing error loading recipe emi_letsdo_compat:cake_cut/apple_pie_cake_cut Invalid or unsupported recipe type 'emi_letsdo_compat:cake_cut'
[20:58:11] [main/WARN]: Your custom createaddition:rolling/gold_ingot recipe (createaddition:rolling/gold_ingot) specified a duration. Durations have no impact on this type of recipe.
[20:58:11] [main/ERROR]: Parsing error loading recipe emi_letsdo_compat:cake_cut/bundt_cake_cake_cut Invalid or unsupported recipe type 'emi_letsdo_compat:cake_cut'
[20:58:11] [main/WARN]: Your custom createaddition:charging/channeling recipe (createaddition:charging/channeling) specified a duration. Durations have no impact on this type of recipe.
[20:58:11] [main/ERROR]: Parsing error loading recipe farmersknives:cryomarble_knife Missing field template
[20:58:11] [main/WARN]: Your custom createaddition:charging/exposed_copper_shingles recipe (createaddition:charging/exposed_copper_shingles) specified a duration. Durations have no impact on this type of recipe.
[20:58:11] [main/WARN]: Your custom createaddition:charging/weathered_cut_copper recipe (createaddition:charging/weathered_cut_copper) specified a duration. Durations have no impact on this type of recipe.
[20:58:11] [main/WARN]: Your custom createaddition:charging/cut_copper_stairs recipe (createaddition:charging/cut_copper_stairs) specified a duration. Durations have no impact on this type of recipe.
[20:58:11] [main/ERROR]: Parsing error loading recipe spellbladenext:flickerstrikeoil Unknown item 'spellbladenext:spelloil'
[20:58:11] [main/WARN]: Your custom createaddition:rolling/copper_plate recipe (createaddition:rolling/copper_plate) specified a duration. Durations have no impact on this type of recipe.
[20:58:11] [main/ERROR]: Parsing error loading recipe mythicupgrades:sapphire_smithing_template1 Unknown item 'soulsweapons:sapphire_upgrade_smithing_template'
[20:58:11] [main/ERROR]: Parsing error loading recipe mcda:upgrade_royal_guard_chestplate Unknown item 'mcda:royal_guard_armor_chestplate'
[20:58:11] [main/WARN]: Your custom createaddition:charging/exposed_copper_shingle_slab recipe (createaddition:charging/exposed_copper_shingle_slab) specified a duration. Durations have no impact on this type of recipe.
[20:58:11] [main/INFO]: Loaded 154 recipes
[20:58:11] [main/WARN]: Recipe without matching ID:zenith:potion_charm_enchanting
[20:58:11] [main/ERROR]: Parsing error loading custom advancement sortilege:get_witch_hat: Expected item to be an item, was unknown string 'sortilege:witch_hat'
[20:58:11] [main/ERROR]: Parsing error loading custom advancement copycats:recipes/crafting/copycat_iron_trapdoor: Missing criteria, expected to find a JsonObject
[20:58:11] [main/ERROR]: Parsing error loading custom advancement copycats:recipes/crafting/copycat_vertical_half_layer: Missing criteria, expected to find a JsonObject
[20:58:11] [main/ERROR]: Parsing error loading custom advancement copycats:recipes/crafting/copycat_step_from_conversion: Missing criteria, expected to find a JsonObject
[20:58:11] [main/ERROR]: Parsing error loading custom advancement copycats:recipes/crafting/copycat_byte: Missing criteria, expected to find a JsonObject
[20:58:11] [main/ERROR]: Parsing error loading custom advancement copycats:recipes/crafting/copycat_pane: Missing criteria, expected to find a JsonObject
[20:58:11] [main/ERROR]: Parsing error loading custom advancement copycats:recipes/crafting/copycat_layer_from_half_layers: Missing criteria, expected to find a JsonObject
[20:58:11] [main/ERROR]: Parsing error loading custom advancement copycats:recipes/crafting/copycat_folding_door: Missing criteria, expected to find a JsonObject
[20:58:11] [main/ERROR]: Parsing error loading custom advancement indrev:mk4_upgrade: Failed to parse 'location' field
[20:58:11] [main/ERROR]: Parsing error loading custom advancement copycats:recipes/crafting/copycat_stone_pressure_plate: Missing criteria, expected to find a JsonObject
[20:58:11] [main/ERROR]: Parsing error loading custom advancement copycats:recipes/crafting/copycat_byte_panel: Missing criteria, expected to find a JsonObject
[20:58:11] [main/ERROR]: Parsing error loading custom advancement copycats:recipes/crafting/copycat_stacked_half_layer_from_conversion: Missing criteria, expected to find a JsonObject
[20:58:11] [main/ERROR]: Parsing error loading custom advancement copycats:recipes/crafting/copycat_sliding_door_from_conversion: Missing criteria, expected to find a JsonObject
[20:58:11] [main/ERROR]: Parsing error loading custom advancement copycats:recipes/crafting/copycat_vertical_stairs: Missing criteria, expected to find a JsonObject
[20:58:11] [main/ERROR]: Parsing error loading custom advancement copycats:recipes/crafting/copycat_trapdoor: Missing criteria, expected to find a JsonObject
[20:58:11] [main/ERROR]: Parsing error loading custom advancement copycats:recipes/crafting/copycat_vertical_step: Missing criteria, expected to find a JsonObject
[20:58:11] [main/ERROR]: Parsing error loading custom advancement copycats:recipes/crafting/copycat_trapdoor_from_conversion: Missing criteria, expected to find a JsonObject
[20:58:11] [main/ERROR]: Parsing error loading custom advancement copycats:recipes/crafting/copycat_vertical_slice_from_conversion: Missing criteria, expected to find a JsonObject
[20:58:11] [main/ERROR]: Parsing error loading custom advancement sortilege:dye_staff: Expected item to be an item, was unknown string 'sortilege:iron_staff'
[20:58:11] [main/ERROR]: Parsing error loading custom advancement copycats:recipes/crafting/copycat_slope_layer: Missing criteria, expected to find a JsonObject
[20:58:11] [main/ERROR]: Parsing error loading custom advancement copycats:recipes/crafting/copycat_vertical_slope: Missing criteria, expected to find a JsonObject
[20:58:11] [main/ERROR]: Parsing error loading custom advancement copycats:recipes/crafting/copycat_flat_pane: Missing criteria, expected to find a JsonObject
[20:58:11] [main/ERROR]: Parsing error loading custom advancement copycats:recipes/crafting/copycat_half_panel: Missing criteria, expected to find a JsonObject
[20:58:11] [main/ERROR]: Parsing error loading custom advancement copycats:recipes/crafting/copycat_slice_from_conversion: Missing criteria, expected to find a JsonObject
[20:58:11] [main/ERROR]: Parsing error loading custom advancement copycats:recipes/crafting/copycat_flat_pane_from_conversion: Missing criteria, expected to find a JsonObject
[20:58:11] [main/ERROR]: Parsing error loading custom advancement copycats:recipes/crafting/copycat_slab_from_steps: Missing criteria, expected to find a JsonObject
[20:58:11] [main/ERROR]: Parsing error loading custom advancement copycats:recipes/crafting/copycat_panel_from_conversion: Missing criteria, expected to find a JsonObject
[20:58:12] [main/ERROR]: Parsing error loading custom advancement copycats:recipes/crafting/copycat_board: Missing criteria, expected to find a JsonObject
[20:58:12] [main/ERROR]: Parsing error loading custom advancement copycats:recipes/crafting/copycat_fence: Missing criteria, expected to find a JsonObject
[20:58:12] [main/ERROR]: Parsing error loading custom advancement copycats:recipes/crafting/copycat_vertical_stairs_from_conversion: Missing criteria, expected to find a JsonObject
[20:58:12] [main/ERROR]: Parsing error loading custom advancement copycats:recipes/crafting/copycat_block_from_slabs: Missing criteria, expected to find a JsonObject
[20:58:12] [main/ERROR]: Parsing error loading custom advancement copycats:recipes/crafting/copycat_vertical_slope_from_conversion: Missing criteria, expected to find a JsonObject
[20:58:12] [main/ERROR]: Parsing error loading custom advancement copycats:recipes/crafting/copycat_vertical_step_from_conversion: Missing criteria, expected to find a JsonObject
[20:58:12] [main/ERROR]: Parsing error loading custom advancement copycats:recipes/crafting/copycat_slab: Missing criteria, expected to find a JsonObject
[20:58:12] [main/ERROR]: Parsing error loading custom advancement copycats:recipes/crafting/copycat_stacked_half_layer: Missing criteria, expected to find a JsonObject
[20:58:12] [main/ERROR]: Parsing error loading custom advancement copycats:recipes/crafting/copycat_stone_button: Missing criteria, expected to find a JsonObject
[20:58:12] [main/ERROR]: Parsing error loading custom advancement explorerscompass:explorers_compass_cobweb: Expected items to be a JsonArray, was "min...eb"
[20:58:12] [main/ERROR]: Parsing error loading custom advancement copycats:recipes/crafting/copycat_pane_from_conversion: Missing criteria, expected to find a JsonObject
[20:58:12] [main/ERROR]: Parsing error loading custom advancement explorerscompass:explorers_compass_cracked_stone_bricks: Expected items to be a JsonArray, was "min...ks"
[20:58:12] [main/ERROR]: Parsing error loading custom advancement copycats:recipes/crafting/copycat_slab_from_beams: Missing criteria, expected to find a JsonObject
[20:58:12] [main/ERROR]: Parsing error loading custom advancement copycats:recipes/crafting/copycat_vertical_slice: Missing criteria, expected to find a JsonObject
[20:58:12] [main/ERROR]: Parsing error loading custom advancement mcdw:recipes/swords/sword_broadsword: Unknown item id 'mcdw:sword_iron_sword_var'
[20:58:12] [main/ERROR]: Parsing error loading custom advancement copycats:recipes/crafting/copycat_large_cogwheel: Missing criteria, expected to find a JsonObject
[20:58:12] [main/ERROR]: Parsing error loading custom advancement copycats:recipes/crafting/copycat_vertical_half_layer_from_conversion: Missing criteria, expected to find a JsonObject
[20:58:12] [main/ERROR]: Parsing error loading custom advancement copycats:recipes/crafting/copycat_slab_from_panels: Missing criteria, expected to find a JsonObject
[20:58:12] [main/ERROR]: Parsing error loading custom advancement copycats:recipes/crafting/copycat_slope: Missing criteria, expected to find a JsonObject
[20:58:12] [main/ERROR]: Parsing error loading custom advancement copycats:recipes/crafting/copycat_layer: Missing criteria, expected to find a JsonObject
[20:58:12] [main/ERROR]: Parsing error loading custom advancement simplyswords:grant_book_on_first_join: Missing criteria, expected to find a JsonObject
[20:58:12] [main/ERROR]: Parsing error loading custom advancement copycats:recipes/crafting/copycat_beam: Missing criteria, expected to find a JsonObject
[20:58:12] [main/ERROR]: Parsing error loading custom advancement copycats:recipes/crafting/copycat_stairs_from_conversion: Missing criteria, expected to find a JsonObject
[20:58:12] [main/ERROR]: Parsing error loading custom advancement copycats:recipes/crafting/copycat_folding_door_from_conversion: Missing criteria, expected to find a JsonObject
[20:58:12] [main/ERROR]: Parsing error loading custom advancement copycats:recipes/crafting/copycat_wooden_button: Missing criteria, expected to find a JsonObject
[20:58:12] [main/ERROR]: Parsing error loading custom advancement copycats:recipes/crafting/copycat_shaft: Missing criteria, expected to find a JsonObject
[20:58:12] [main/ERROR]: Parsing error loading custom advancement copycats:recipes/crafting/copycat_sliding_door: Missing criteria, expected to find a JsonObject
[20:58:12] [main/ERROR]: Parsing error loading custom advancement copycats:recipes/crafting/copycat_ghost_block: Missing criteria, expected to find a JsonObject
[20:58:12] [main/ERROR]: Parsing error loading custom advancement indrev:mk3_upgrade: Failed to parse 'location' field
[20:58:12] [main/ERROR]: Parsing error loading custom advancement copycats:recipes/crafting/copycat_panel_from_half_panels: Missing criteria, expected to find a JsonObject
[20:58:12] [main/ERROR]: Parsing error loading custom advancement copycats:recipes/crafting/copycat_half_layer_from_conversion: Missing criteria, expected to find a JsonObject
[20:58:12] [main/ERROR]: Parsing error loading custom advancement indrev:mk2_upgrade: Failed to parse 'location' field
[20:58:12] [main/ERROR]: Parsing error loading custom advancement copycats:recipes/crafting/copycat_wall: Missing criteria, expected to find a JsonObject
[20:58:12] [main/ERROR]: Parsing error loading custom advancement copycats:recipes/crafting/copycat_wooden_pressure_plate: Missing criteria, expected to find a JsonObject
[20:58:12] [main/ERROR]: Parsing error loading custom advancement copycats:recipes/crafting/copycat_cogwheel: Missing criteria, expected to find a JsonObject
[20:58:12] [main/ERROR]: Parsing error loading custom advancement copycats:recipes/crafting/copycat_fluid_pipe: Missing criteria, expected to find a JsonObject
[20:58:12] [main/ERROR]: Parsing error loading custom advancement naturescompass:natures_compass: Expected items to be a JsonArray, was "min...ss"
[20:58:12] [main/ERROR]: Parsing error loading custom advancement copycats:recipes/crafting/copycat_slope_from_conversion: Missing criteria, expected to find a JsonObject
[20:58:12] [main/ERROR]: Parsing error loading custom advancement explorerscompass:explorers_compass: Expected items to be a JsonArray, was "min...ss"
[20:58:12] [main/ERROR]: Parsing error loading custom advancement copycats:recipes/crafting/copycat_light_weighted_pressure_plate: Missing criteria, expected to find a JsonObject
[20:58:12] [main/ERROR]: Parsing error loading custom advancement copycats:recipes/crafting/copycat_half_layer: Missing criteria, expected to find a JsonObject
[20:58:12] [main/ERROR]: Parsing error loading custom advancement copycats:recipes/crafting/copycat_stairs: Missing criteria, expected to find a JsonObject
[20:58:12] [main/ERROR]: Parsing error loading custom advancement copycats:recipes/crafting/copycat_iron_door: Missing criteria, expected to find a JsonObject
[20:58:12] [main/ERROR]: Parsing error loading custom advancement copycats:recipes/crafting/copycat_block: Missing criteria, expected to find a JsonObject
[20:58:12] [main/ERROR]: Parsing error loading custom advancement copycats:recipes/crafting/copycat_catwalk: Missing criteria, expected to find a JsonObject
[20:58:12] [main/ERROR]: Parsing error loading custom advancement sortilege:get_wooden_staff: Expected item to be an item, was unknown string 'sortilege:wooden_staff'
[20:58:12] [main/ERROR]: Parsing error loading custom advancement copycats:recipes/crafting/copycat_heavy_weighted_pressure_plate: Missing criteria, expected to find a JsonObject
[20:58:12] [main/ERROR]: Parsing error loading custom advancement copycats:recipes/crafting/copycat_corner_slice: Missing criteria, expected to find a JsonObject
[20:58:12] [main/ERROR]: Parsing error loading custom advancement copycats:recipes/crafting/copycat_door: Missing criteria, expected to find a JsonObject
[20:58:12] [main/ERROR]: Parsing error loading custom advancement copycats:recipes/crafting/copycat_box: Missing criteria, expected to find a JsonObject
[20:58:12] [main/ERROR]: Parsing error loading custom advancement copycats:recipes/crafting/copycat_slice: Missing criteria, expected to find a JsonObject
[20:58:12] [main/ERROR]: Parsing error loading custom advancement copycats:recipes/crafting/copycat_fence_gate: Missing criteria, expected to find a JsonObject
[20:58:12] [main/ERROR]: Parsing error loading custom advancement copycats:recipes/crafting/copycat_ladder: Missing criteria, expected to find a JsonObject
[20:58:12] [main/ERROR]: Parsing error loading custom advancement sortilege:get_netherite_staff: Expected item to be an item, was unknown string 'sortilege:netherite_staff'
[20:58:12] [main/INFO]: Loaded 14767 advancements
[20:58:12] [main/INFO]: Registered 16 gear_sets.
[20:58:12] [main/INFO]: Registered 34 enchanting_stats.
[20:58:12] [main/WARN]: Outdated config schema! Config might not work correctly. Current schema is 2.
[20:58:12] [main/INFO]: Loaded 30 Loonium configurations
[20:58:12] [main/INFO]: Loaded 9 turtle upgrades
[20:58:12] [main/INFO]: Loaded 3 pocket computer upgrades
[20:58:12] [main/INFO]: Loaded 0 item attribute modifiers
[20:58:12] [main/INFO]: Saved 36 Value Calculator templates to config folder
[20:58:12] [main/INFO]: Loaded config for: lootintegrations.json
[20:58:12] [main/INFO]: Reloading Spawner Rune data...
[20:58:12] [main/INFO]: Reloading config...
[20:58:12] [main/WARN]: Could not decode GlobalLootModifier with json id supplementaries:ash_from_burning_mobs - error: Unknown registry key in ResourceKey[minecraft:root / porting_lib:global_loot_modifier_serializers]: moonlight:add_item
[20:58:12] [main/WARN]: Could not decode GlobalLootModifier with json id supplementaries:straw_from_flax - error: Unknown registry key in ResourceKey[minecraft:root / porting_lib:global_loot_modifier_serializers]: moonlight:add_item
[20:58:12] [main/WARN]: Could not decode GlobalLootModifier with json id supplementaries:fishing_antique_ink - error: Unknown registry key in ResourceKey[minecraft:root / porting_lib:global_loot_modifier_serializers]: moonlight:add_item
[20:58:12] [main/WARN]: Could not decode GlobalLootModifier with json id supplementaries:fishing_antique_ink_treasure - error: Unknown registry key in ResourceKey[minecraft:root / porting_lib:global_loot_modifier_serializers]: moonlight:add_item
[20:58:12] [main/WARN]: Could not decode GlobalLootModifier with json id supplementaries:replace_rope - error: Unknown registry key in ResourceKey[minecraft:root / porting_lib:global_loot_modifier_serializers]: supplementaries:replace_rope
[20:58:12] [main/WARN]: Could not decode GlobalLootModifier with json id zenith:affix_conversion - error: Unknown registry key in ResourceKey[minecraft:root / porting_lib:global_loot_modifier_serializers]: zenith:affix_conversion
[20:58:12] [main/WARN]: Could not decode GlobalLootModifier with json id zenith:affix_loot - error: Unknown registry key in ResourceKey[minecraft:root / porting_lib:global_loot_modifier_serializers]: zenith:affix_loot
[20:58:12] [main/WARN]: Could not decode GlobalLootModifier with json id zenith:gems - error: Unknown registry key in ResourceKey[minecraft:root / porting_lib:global_loot_modifier_serializers]: zenith:gems
[20:58:12] [main/WARN]: Could not decode GlobalLootModifier with json id zenith:affix_hook - error: Unknown registry key in ResourceKey[minecraft:root / porting_lib:global_loot_modifier_serializers]: zenith:affix_hook
[20:58:12] [main/INFO]: [Sortilege] Neutralized recipes [], as their corresponding staffs are not loaded.
[20:58:13] [main/ERROR]: [Sortilege] Could not read data file powah:recipes/energizing/overcharged_diamond_from_diamond_alt.json
[20:58:14] [main/INFO]: Loaded 27 flute songs
[20:58:14] [main/INFO]: Loaded 3 global temperature effects
[20:58:14] [main/INFO]: Loaded 12 type specific temperature effects
[20:58:14] [main/INFO]: Loaded 156 recipes
[20:58:14] [main/INFO]: Deserializing default trades of profession: villagersplus:alchemist
[20:58:14] [main/INFO]: Deserializing default trades of profession: villagersplus:horticulturist
[20:58:14] [main/INFO]: Deserializing default trades of profession: villagersplus:occultist
[20:58:14] [main/INFO]: Deserializing default trades of profession: villagersplus:oceanographer
[20:58:14] [main/INFO]: Reloading grave shape (server)
[20:58:14] [main/INFO]: Grave model and shape reload successful (server)
[20:58:14] [main/INFO]: Reloading YIGD graveyard data (server)
[20:58:14] [main/INFO]: Graveyard data successfully reloaded (server)
[20:58:14] [main/INFO]: Reloading YIGD grave area overrides (server)
[20:58:14] [main/INFO]: Grave area overrides successfully reloaded (server)
[20:58:14] [main/WARN]: Not all defined tags for registry ResourceKey[minecraft:root / minecraft:worldgen/biome] are present in data pack: c:biomes_that_dont_exist
[20:58:15] [main/INFO]: Applied 18 data villager trades
[20:58:16] [main/INFO]: Finished additional setup in 0 ms
[20:58:16] [main/ERROR]: Trade result entry is set to required but minecraft:oak_branch item does not exist.
[20:58:16] [main/ERROR]: Trade result entry is set to required but minecraft:oak_shrub item does not exist.
[20:58:16] [main/ERROR]: [worlds_together] Unable to parse Version in jar:file:///workspaces/server-minecraft23423423/servidor_minecraft/mods/wither_spawn_fix-MC1.20.1-1.0.0.jar
[20:58:16] [main/ERROR]: [worlds_together] Unable to parse Version in jar:file:///workspaces/server-minecraft23423423/servidor_minecraft/mods/netherdepthsupgrade-fabric-3.1.6-1.20.jar
[20:58:16] [main/ERROR]: [worlds_together] Unable to parse Version in jar:file:///workspaces/server-minecraft23423423/servidor_minecraft/mods/oceansdelight-fdrf-fabric-1.0.2-1.20.jar
[20:58:16] [main/ERROR]: [worlds_together] Unable to parse Version in jar:file:///workspaces/server-minecraft23423423/servidor_minecraft/mods/ends_delight-refabricated-1.20.1-2.5.jar
[20:58:16] [main/ERROR]: [worlds_together] Unable to parse Version in jar:file:///workspaces/server-minecraft23423423/servidor_minecraft/mods/naturalist-5.0pre3+fabric-1.20.1.jar
[20:58:16] [main/INFO]: [bclib] Updating Pickers for BCLib - The End  BiomeSource (6067ee61)
[20:58:16] [main/INFO]: [bclib] Updating Pickers for BCLib - Nether BiomeSource (324a2b18)
[20:58:16] [main/WARN]: Initial datapack load took 27.20 s
[20:58:16] [main/INFO]: Mixing server.MixinDedicatedServer from mixins/common/nochatreports.mixins.json into net.minecraft.class_3176
[20:58:16] [main/INFO]: Mixing server.MixinPlayerList from mixins/common/nochatreports.mixins.json into net.minecraft.class_3324
[20:58:17] [main/INFO]: Initialized TerraBlender biomes for level stem minecraft:overworld
[20:58:18] [main/INFO]: Applied 13524 biome modifications to 227 of 227 new biomes in 335.1 ms
[20:58:18] [Server thread/INFO]: Loading server config for barteringstation
[20:58:18] [Thread-5/INFO]: Reloading server config for barteringstation
[20:58:18] [Thread-5/INFO]: Reloading server config for barteringstation
[20:58:18] [Server thread/INFO]: Loading server config for leavesbegone
[20:58:18] [Thread-5/INFO]: Reloading server config for leavesbegone
[20:58:18] [Thread-5/INFO]: Reloading server config for leavesbegone
[20:58:18] [Server thread/INFO]: Loading server config for magnumtorch
[20:58:18] [Thread-5/INFO]: Reloading server config for magnumtorch
[20:58:18] [Server thread/INFO]: Loading server config for mutantmonsters
[20:58:18] [Server thread/INFO]: Loading server config for netherchested
[20:58:18] [Thread-5/INFO]: Reloading server config for mutantmonsters
[20:58:18] [Thread-5/INFO]: Reloading server config for netherchested
[20:58:18] [Server thread/INFO]: Loading server config for puzzlesapi
[20:58:18] [Server thread/INFO]: Loading server config for tradingpost
[20:58:18] [Thread-5/INFO]: Reloading server config for tradingpost
[20:58:18] [Server thread/INFO]: loaded team data: 3 known players, 3 teams total
[20:58:18] [Server thread/INFO]: Loading config from ./world/serverconfig/computercraft-server.toml
[20:58:18] [Server thread/INFO]: Config 'explorations.json' was successfully loaded.
[20:58:18] [Server thread/INFO]: Added statues to vanilla villages
[20:58:18] [Server thread/INFO]: Adding waystone fwaystones:village_waystone to village kaisyn:village/sparse_jungle_polynesian/houses
[20:58:18] [Server thread/INFO]: Adding waystone fwaystones:village_waystone to village kaisyn:village/flower_forest_japanese/houses
[20:58:18] [Server thread/INFO]: Adding waystone fwaystones:village_waystone to village kaisyn:village/swamp_boat/houses
[20:58:18] [Server thread/INFO]: Adding waystone fwaystones:village_waystone to village minecraft:village/savanna/houses
[20:58:18] [Server thread/INFO]: Adding waystone fwaystones:village_waystone to village minecraft:village/plains/houses
[20:58:18] [Server thread/INFO]: Adding waystone fwaystones:village_waystone to village kaisyn:village/badlands_pueblo/houses
[20:58:18] [Server thread/INFO]: Adding waystone fwaystones:village_waystone to village kaisyn:village/sunflower_plains_farm/side/farms
[20:58:18] [Server thread/INFO]: Adding waystone fwaystones:village_waystone to village kaisyn:village/exclusives/tudor/houses
[20:58:18] [Server thread/INFO]: Adding waystone fwaystones:village_waystone to village kaisyn:village/exclusives/mediterranean/houses/regular
[20:58:18] [Server thread/INFO]: Adding waystone fwaystones:village_waystone to village kaisyn:village/snowy_slopes_inn/decor
[20:58:18] [Server thread/INFO]: Adding waystone fwaystones:village_waystone to village kaisyn:village/grove_villager_outpost/decor
[20:58:18] [Server thread/INFO]: Adding waystone fwaystones:village_waystone to village minecraft:village/taiga/houses
[20:58:18] [Server thread/INFO]: Adding waystone fwaystones:village_waystone to village kaisyn:village/meadow_swiss/houses
[20:58:18] [Server thread/INFO]: Adding waystone fwaystones:village_waystone to village kaisyn:village/exclusives/iberian/houses
[20:58:18] [Server thread/INFO]: Adding waystone fwaystones:village_waystone to village kaisyn:village/snowy_taiga_viking/houses
[20:58:18] [Server thread/INFO]: Adding waystone fwaystones:village_waystone to village kaisyn:village/birch_forest_romanian/houses
[20:58:18] [Server thread/INFO]: Adding waystone fwaystones:village_waystone to village kaisyn:village/jungle_tribal/houses
[20:58:18] [Server thread/INFO]: Adding waystone fwaystones:village_waystone to village kaisyn:village/beach_lighthouse/side/cross
[20:58:18] [Server thread/INFO]: Adding waystone fwaystones:village_waystone to village minecraft:village/snowy/houses
[20:58:18] [Server thread/INFO]: Adding waystone fwaystones:village_waystone to village kaisyn:village/mushroom_fields_fantasy/houses
[20:58:18] [Server thread/INFO]: Adding waystone fwaystones:village_waystone to village kaisyn:village/old_growth_taiga_polish/houses
[20:58:18] [Server thread/INFO]: Adding waystone fwaystones:village_waystone to village kaisyn:village/exclusives/rustic/houses
[20:58:18] [Server thread/INFO]: Adding waystone fwaystones:desert_village_waystone to village minecraft:village/desert/houses
[20:58:18] [Server thread/INFO]: Adding waystone fwaystones:village_waystone to village kaisyn:village/exclusives/swedish/houses
[20:58:18] [Server thread/INFO]: [puffish_skills] Mod configuration loaded successfully!
[20:58:19] [Server thread/INFO]: [puffish_skills] Data pack `simplyskills` loaded successfully!
[20:58:19] [Server thread/INFO]: Starting background profiler...
[20:58:19] [Server thread/INFO]: [STDERR]: Spell Engine: Failed to parse spell: spellbladenext:spells/lightningsmite.json | Reason: com.google.gson.stream.MalformedJsonException: Expected name at line 12 column 4 path $.cast.animation
[20:58:20] [Server thread/INFO]: [STDOUT]: Encoded SpellRegistry size (with package overhead): 768475 bytes (in 77 string chunks with the size of 10000)
[20:58:20] [Server thread/INFO]: Initializing environment controller...
[20:58:20] [Server thread/INFO]: Scanning class appeng.server.testplots.TestPlots for plots
[20:58:20] [Server thread/INFO]: Scanning class appeng.server.testplots.AutoCraftingTestPlots for plots
[20:58:20] [Server thread/INFO]: Scanning class appeng.server.testplots.InscriberTestPlots for plots
[20:58:20] [Server thread/INFO]: Scanning class appeng.server.testplots.P2PTestPlots for plots
[20:58:20] [Server thread/INFO]: Scanning class appeng.server.testplots.ItemP2PTestPlots for plots
[20:58:20] [Server thread/INFO]: Scanning class appeng.server.testplots.MemoryCardTestPlots for plots
[20:58:20] [Server thread/INFO]: Scanning class appeng.server.testplots.PatternProviderLockModePlots for plots
[20:58:20] [Server thread/INFO]: Scanning class appeng.server.testplots.PatternProviderPlots for plots
[20:58:20] [Server thread/INFO]: Scanning class appeng.server.testplots.SpatialTestPlots for plots
[20:58:20] [Server thread/INFO]: Scanning class appeng.server.testplots.QnbTestPlots for plots
[20:58:20] [Server thread/INFO]: Scanning class appeng.server.testplots.GuidebookPlot for plots
[20:58:20] [Server thread/INFO]: Scanning class appeng.server.testplots.SubnetPlots for plots
[20:58:20] [Server thread/INFO]: Scanning class appeng.server.testplots.ChannelTests for plots
[20:58:20] [Server thread/INFO]: Scanning class appeng.server.testplots.AnnihilationPlaneTests for plots
[20:58:20] [Server thread/INFO]: Scanning class de.mari_023.ae2wtlib.AE2WTLibTestPlots for plots
[20:58:20] [Server thread/INFO]: Loading XaeroLib common 2/2!
[20:58:20] [Server thread/INFO]: Loading XaeroLib server 2/2!
[20:58:20] [Server thread/INFO]: Starting minecraft server version 1.20.1
[20:58:20] [Server thread/INFO]: Loading properties
[20:58:20] [Server thread/INFO]: Default game type: SURVIVAL
[20:58:20] [Server thread/INFO]: Generating keypair
[20:58:20] [Server thread/INFO]: Starting Minecraft server on *:25565
[20:58:20] [Server thread/INFO]: Using epoll channel type
[20:58:20] [Server thread/WARN]: **** SERVER IS RUNNING IN OFFLINE/INSECURE MODE!
[20:58:20] [Server thread/WARN]: The server will make no attempt to authenticate usernames. Beware.
[20:58:20] [Server thread/WARN]: While this makes the game possible to play without internet access, it also opens up the ability for hackers to connect with any username they choose.
[20:58:20] [Server thread/WARN]: To change this, set "online-mode" to "true" in the server.properties file.
[20:58:20] [Server thread/INFO]: [betternether] Freeze Registry[ResourceKey[minecraft:root / worlds_together:worldgen/betterx/surface_rules] (Stable)]
[20:58:20] [Server thread/INFO]: Preparing level "world"
[20:58:20] [Server thread/INFO]: Initializing Open Parties and Claims for the server...
[20:58:20] [Server thread/INFO]: Loading server info!
[20:58:20] [Server thread/INFO]: Loading player configs...
[20:58:20] [Netty Epoll Server IO #1/INFO]: Loaded config for: connectivity.json
[20:58:20] [Server thread/INFO]: Loaded player configs!
[20:58:20] [Server thread/INFO]: Loading parties...
[20:58:20] [Server thread/INFO]: Loaded parties!
[20:58:20] [Server thread/INFO]: Fixing party inconsistencies...
[20:58:20] [Netty Epoll Server IO #1/WARN]: @ModifyConstant conflict. Skipping packetfixer.v1_19_3.fabric.mixins.json:v1_19_3_fabric.PacketEncoderMixin from mod packetfixer->@ModifyConstant::packetfixer$newSize(I)I with priority 1000, already redirected by connectivity.mixins.json:PacketEncoderMixin from mod connectivity->@ModifyConstant::modifyLimit(ILio/netty/channel/ChannelHandlerContext;Lnet/minecraft/class_2596;Lio/netty/buffer/ByteBuf;)I with priority 1000
[20:58:20] [Server thread/INFO]: Registered party system for OPAC: default
[20:58:20] [Server thread/INFO]: Registered party system for OPAC: ftb_teams
[20:58:20] [Server thread/INFO]: Registered permission system for OPAC: permission_api
[20:58:20] [Server thread/INFO]: [bclib] 
Apply Modifications for ad_astra:mercury_orbit
    class_1992 (10b5cb85)
        biomes     = 1
        namespaces = ad_astra(1)
[20:58:20] [Server thread/INFO]: [bclib] 
Apply Modifications for minecells:promenade
    class_1992 (252f4523)
        biomes     = 1
        namespaces = minecells(1)
[20:58:20] [Server thread/INFO]: [bclib] 
Apply Modifications for ad_astra:moon_orbit
    class_1992 (6cc6cb98)
        biomes     = 1
        namespaces = ad_astra(1)
[20:58:21] [Server thread/INFO]: [bclib] 
Apply Modifications for minecells:black_bridge
    class_1992 (2a01c1ac)
        biomes     = 1
        namespaces = minecells(1)
[20:58:21] [Server thread/INFO]: [bclib] 
Apply Modifications for the_bumblezone:the_bumblezone
    BzBiomeSource (7524d250)
        biomes     = 9
        namespaces = the_bumblezone(9)
[20:58:21] [Server thread/INFO]: [bclib] 
Apply Modifications for ad_astra:mars_orbit
    class_1992 (6d1e2958)
        biomes     = 1
        namespaces = ad_astra(1)
[20:58:21] [Server thread/INFO]: [bclib] 
Apply Modifications for graveyard:past
    class_4766 (9fc8404)
        biomes     = 53
        namespaces = minecraft(53)
[20:58:21] [Server thread/INFO]: [bclib] 
Apply Modifications for minecraft:the_end
    BCLib - The End  BiomeSource (6067ee61)
        biomes     = 28
        namespaces = betterend(19), minecraft(5), eldritch_end(2), promenade(2)
        seed       = -5097154533363249751
        height     = 128
        deciders   = 1
        config     = BCLEndBiomeSourceConfig{mapVersion=hex, generatorVersion=paulevs, withVoidBiomes=true, innerVoidRadiusSquared=1048576, voidBiomesSize=256, centerBiomesSize=256, landBiomesSize=256, barrensBiomesSize=256}
[20:58:21] [Server thread/INFO]: [bclib] 
Apply Modifications for ad_astra:mars
    class_4766 (349af5a3)
        biomes     = 3
        namespaces = ad_astra(3)
[20:58:21] [Server thread/INFO]: [bclib] 
Apply Modifications for minecraft:overworld
    class_4766 (5b36463b)
        biomes     = 127
        namespaces = minecraft(53), riverredux(3), snifferplus(1), promenade(4), regions_unexplored(66)
[20:58:21] [Server thread/INFO]: [bclib] 
Apply Modifications for prominent:cinderstone_depths
    class_1992 (29ec8c1)
        biomes     = 1
        namespaces = prominent(1)
[20:58:21] [Server thread/INFO]: [bclib] 
Apply Modifications for ad_astra:venus_orbit
    class_1992 (111431e0)
        biomes     = 1
        namespaces = ad_astra(1)
[20:58:21] [Server thread/INFO]: [bclib] 
Apply Modifications for minecells:ramparts
    class_1992 (54b63e48)
        biomes     = 1
        namespaces = minecells(1)
[20:58:21] [Server thread/INFO]: [bclib] 
Apply Modifications for deeperdarker:otherside
    class_4766 (49f0b689)
        biomes     = 4
        namespaces = deeperdarker(4)
[20:58:21] [Server thread/INFO]: [bclib] 
Apply Modifications for minecells:prison
    class_1992 (5da8e838)
        biomes     = 1
        namespaces = minecells(1)
[20:58:21] [Server thread/INFO]: [bclib] 
Apply Modifications for ad_astra:glacio_orbit
    class_1992 (30c18d8b)
        biomes     = 1
        namespaces = ad_astra(1)
[20:58:21] [Server thread/INFO]: [bclib] 
Apply Modifications for prominent:vaaz_volcano
    class_1992 (5c654e63)
        biomes     = 1
        namespaces = prominent(1)
[20:58:21] [Server thread/INFO]: [bclib] 
Apply Modifications for minecells:insufferable_crypt
    class_1992 (55cb2aef)
        biomes     = 1
        namespaces = minecells(1)
[20:58:21] [Server thread/INFO]: [bclib] 
Apply Modifications for ad_astra:mercury
    class_4766 (51f250bf)
        biomes     = 1
        namespaces = ad_astra(1)
[20:58:21] [Server thread/INFO]: [bclib] 
Apply Modifications for minecraft:the_nether
    BCLib - Nether BiomeSource (324a2b18)
        biomes     = 32
        namespaces = betternether(22), minecraft(5), regions_unexplored(5)
        seed       = -5097154533363249751
        height     = 128
        config     = BCLibNetherBiomeSourceConfig{mapVersion=hex, useVerticalBiomes=true, amplified=false, biomeSize=256, biomeSizeVertical=86}
[20:58:21] [Server thread/INFO]: [bclib] 
Apply Modifications for spellbladenext:glassocean
    class_1992 (b7457d6)
        biomes     = 1
        namespaces = spellbladenext(1)
[20:58:21] [Server thread/INFO]: [bclib] 
Apply Modifications for ad_astra:venus
    class_4766 (259168c0)
        biomes     = 2
        namespaces = ad_astra(2)
[20:58:21] [Server thread/INFO]: [bclib] 
Apply Modifications for ad_astra:earth_orbit
    class_1992 (13ff8b99)
        biomes     = 1
        namespaces = ad_astra(1)
[20:58:21] [Server thread/INFO]: [bclib] 
Apply Modifications for ad_astra:glacio
    class_4766 (12ab2c5e)
        biomes     = 2
        namespaces = ad_astra(2)
[20:58:21] [Server thread/INFO]: [bclib] 
Apply Modifications for ad_astra:moon
    class_1992 (22abbdff)
        biomes     = 1
        namespaces = ad_astra(1)
[20:58:21] [Server thread/INFO]: [bclib] World Dimensions: 
 - ad_astra:mercury_orbit: 
     net.minecraft.class_3754@6c2ea53c 
     class_1992 (10b5cb85)
         biomes     = 1
         namespaces = ad_astra(1)
 - minecells:promenade: 
     net.minecraft.class_3754@2a35fab1 
     class_1992 (252f4523)
         biomes     = 1
         namespaces = minecells(1)
 - ad_astra:moon_orbit: 
     net.minecraft.class_3754@75589479 
     class_1992 (6cc6cb98)
         biomes     = 1
         namespaces = ad_astra(1)
 - minecells:black_bridge: 
     net.minecraft.class_2897@2f64562f 
     class_1992 (2a01c1ac)
         biomes     = 1
         namespaces = minecells(1)
 - the_bumblezone:the_bumblezone: 
     com.telepathicgrunt.the_bumblezone.worldgen.dimension.BzChunkGenerator@6046ce51 
     BzBiomeSource (7524d250)
         biomes     = 9
         namespaces = the_bumblezone(9)
 - ad_astra:mars_orbit: 
     net.minecraft.class_3754@3efbc0f9 
     class_1992 (6d1e2958)
         biomes     = 1
         namespaces = ad_astra(1)
 - graveyard:past: 
     net.minecraft.class_3754@5f1ee72c 
     class_4766 (9fc8404)
         biomes     = 53
         namespaces = minecraft(53)
 - minecraft:the_end: 
     BCLib - Chunk Generator (716965ee) 
     BCLib - The End  BiomeSource (6067ee61)
         biomes     = 28
         namespaces = betterend(19), minecraft(5), eldritch_end(2), promenade(2)
         seed       = -5097154533363249751
         height     = 128
         deciders   = 1
         config     = BCLEndBiomeSourceConfig{mapVersion=hex, generatorVersion=paulevs, withVoidBiomes=true, innerVoidRadiusSquared=1048576, voidBiomesSize=256, centerBiomesSize=256, landBiomesSize=256, barrensBiomesSize=256}
 - ad_astra:mars: 
     net.minecraft.class_3754@6753a9b9 
     class_4766 (349af5a3)
         biomes     = 3
         namespaces = ad_astra(3)
 - minecraft:overworld: 
     net.minecraft.class_3754@614a0ea6 
     class_4766 (5b36463b)
         biomes     = 127
         namespaces = minecraft(53), riverredux(3), snifferplus(1), promenade(4), regions_unexplored(66)
 - prominent:cinderstone_depths: 
     net.minecraft.class_2897@787ab74a 
     class_1992 (29ec8c1)
         biomes     = 1
         namespaces = prominent(1)
 - ad_astra:venus_orbit: 
     net.minecraft.class_3754@209a225a 
     class_1992 (111431e0)
         biomes     = 1
         namespaces = ad_astra(1)
 - minecells:ramparts: 
     net.minecraft.class_3754@795b0373 
     class_1992 (54b63e48)
         biomes     = 1
         namespaces = minecells(1)
 - deeperdarker:otherside: 
     net.minecraft.class_3754@3889d51f 
     class_4766 (49f0b689)
         biomes     = 4
         namespaces = deeperdarker(4)
 - minecells:prison: 
     net.minecraft.class_2897@7cc93865 
     class_1992 (5da8e838)
         biomes     = 1
         namespaces = minecells(1)
 - ad_astra:glacio_orbit: 
     net.minecraft.class_3754@469687a1 
     class_1992 (30c18d8b)
         biomes     = 1
         namespaces = ad_astra(1)
 - prominent:vaaz_volcano: 
     net.minecraft.class_2897@695a5f9a 
     class_1992 (5c654e63)
         biomes     = 1
         namespaces = prominent(1)
 - minecells:insufferable_crypt: 
     net.minecraft.class_2897@27920478 
     class_1992 (55cb2aef)
         biomes     = 1
         namespaces = minecells(1)
 - ad_astra:mercury: 
     net.minecraft.class_3754@6aef6394 
     class_4766 (51f250bf)
         biomes     = 1
         namespaces = ad_astra(1)
 - minecraft:the_nether: 
     BCLib - Chunk Generator (5c686f56) 
     BCLib - Nether BiomeSource (324a2b18)
         biomes     = 32
         namespaces = betternether(22), minecraft(5), regions_unexplored(5)
         seed       = -5097154533363249751
         height     = 128
         config     = BCLibNetherBiomeSourceConfig{mapVersion=hex, useVerticalBiomes=true, amplified=false, biomeSize=256, biomeSizeVertical=86}
 - spellbladenext:glassocean: 
     net.minecraft.class_2897@7a3ab705 
     class_1992 (b7457d6)
         biomes     = 1
         namespaces = spellbladenext(1)
 - ad_astra:venus: 
     net.minecraft.class_3754@3a9cb1fb 
     class_4766 (259168c0)
         biomes     = 2
         namespaces = ad_astra(2)
 - ad_astra:earth_orbit: 
     net.minecraft.class_3754@3c52947c 
     class_1992 (13ff8b99)
         biomes     = 1
         namespaces = ad_astra(1)
 - ad_astra:glacio: 
     net.minecraft.class_3754@4de75499 
     class_4766 (12ab2c5e)
         biomes     = 2
         namespaces = ad_astra(2)
 - ad_astra:moon: 
     net.minecraft.class_3754@af22ca2 
     class_1992 (22abbdff)
         biomes     = 1
         namespaces = ad_astra(1)
[20:58:21] [Server thread/INFO]: [bclib] Merged 19 additional Surface Rules for 
BCLib - The End  BiomeSource (6067ee61)
    biomes     = 28
    namespaces = betterend(19), minecraft(5), eldritch_end(2), promenade(2)
    seed       = -5097154533363249751
    height     = 128
    deciders   = 1
    config     = BCLEndBiomeSourceConfig{mapVersion=hex, generatorVersion=paulevs, withVoidBiomes=true, innerVoidRadiusSquared=1048576, voidBiomesSize=256, centerBiomesSize=256, landBiomesSize=256, barrensBiomesSize=256} => 20
[20:58:21] [Server thread/INFO]: [bclib] Merged 22 additional Surface Rules for 
BCLib - Nether BiomeSource (324a2b18)
    biomes     = 32
    namespaces = betternether(22), minecraft(5), regions_unexplored(5)
    seed       = -5097154533363249751
    height     = 128
    config     = BCLibNetherBiomeSourceConfig{mapVersion=hex, useVerticalBiomes=true, amplified=false, biomeSize=256, biomeSizeVertical=86} => 74
[20:58:21] [Server thread/INFO]: Enforcing safe world random access
[20:58:21] [Netty Epoll Server IO #1/INFO]: Mixing server.MixinServerboundChatCommandPacket from mixins/common/nochatreports.mixins.json into net.minecraft.class_7472
[20:58:21] [Netty Epoll Server IO #1/INFO]: Mixing server.MixinServerboundChatPacket from mixins/common/nochatreports.mixins.json into net.minecraft.class_2797
[20:58:21] [Netty Epoll Server IO #1/INFO]: Mixing server.MixinServerboundChatSessionUpdatePacket from mixins/common/nochatreports.mixins.json into net.minecraft.class_7861
[20:58:22] [Server thread/WARN]: Lithium Class Analysis Error: Class org.betterx.bclib.blocks.BaseBlock cannot be analysed, because getting declared methods crashes with NoClassDefFoundError: net/minecraft/class_793. This is usually caused by modded entities declaring methods that have a return type or parameter type that is annotated with @Environment(value=EnvType.CLIENT). Loading the type is not possible, because it only exists in the CLIENT environment. The recommended fix is to annotate the method with this argument or return type with the same annotation. Lithium handles this error by assuming the class cannot be included in some optimizations.
[20:58:22] [Server thread/WARN]: Lithium Class Analysis Error: Class org.betterx.bclib.blocks.BaseBlock cannot be analysed, because getting declared methods crashes with NoClassDefFoundError: net/minecraft/class_793. This is usually caused by modded entities declaring methods that have a return type or parameter type that is annotated with @Environment(value=EnvType.CLIENT). Loading the type is not possible, because it only exists in the CLIENT environment. The recommended fix is to annotate the method with this argument or return type with the same annotation. Lithium handles this error by assuming the class cannot be included in some optimizations.
[20:58:22] [Server thread/WARN]: Lithium Class Analysis Error: Class org.betterx.bclib.blocks.BaseBlock cannot be analysed, because getting declared methods crashes with NoClassDefFoundError: net/minecraft/class_793. This is usually caused by modded entities declaring methods that have a return type or parameter type that is annotated with @Environment(value=EnvType.CLIENT). Loading the type is not possible, because it only exists in the CLIENT environment. The recommended fix is to annotate the method with this argument or return type with the same annotation. Lithium handles this error by assuming the class cannot be included in some optimizations.
[20:58:22] [Server thread/WARN]: Lithium Class Analysis Error: Class org.betterx.bclib.blocks.BaseBlock cannot be analysed, because getting declared methods crashes with NoClassDefFoundError: net/minecraft/class_793. This is usually caused by modded entities declaring methods that have a return type or parameter type that is annotated with @Environment(value=EnvType.CLIENT). Loading the type is not possible, because it only exists in the CLIENT environment. The recommended fix is to annotate the method with this argument or return type with the same annotation. Lithium handles this error by assuming the class cannot be included in some optimizations.
[20:58:22] [Server thread/WARN]: Lithium Class Analysis Error: Class org.betterx.bclib.blocks.BaseBlock cannot be analysed, because getting declared methods crashes with NoClassDefFoundError: net/minecraft/class_793. This is usually caused by modded entities declaring methods that have a return type or parameter type that is annotated with @Environment(value=EnvType.CLIENT). Loading the type is not possible, because it only exists in the CLIENT environment. The recommended fix is to annotate the method with this argument or return type with the same annotation. Lithium handles this error by assuming the class cannot be included in some optimizations.
[20:58:22] [Server thread/WARN]: Lithium Class Analysis Error: Class org.betterx.bclib.blocks.BaseBlock cannot be analysed, because getting declared methods crashes with NoClassDefFoundError: net/minecraft/class_793. This is usually caused by modded entities declaring methods that have a return type or parameter type that is annotated with @Environment(value=EnvType.CLIENT). Loading the type is not possible, because it only exists in the CLIENT environment. The recommended fix is to annotate the method with this argument or return type with the same annotation. Lithium handles this error by assuming the class cannot be included in some optimizations.
[20:58:22] [Server thread/WARN]: Lithium Class Analysis Error: Class org.betterx.bclib.blocks.BaseBlock cannot be analysed, because getting declared methods crashes with NoClassDefFoundError: net/minecraft/class_793. This is usually caused by modded entities declaring methods that have a return type or parameter type that is annotated with @Environment(value=EnvType.CLIENT). Loading the type is not possible, because it only exists in the CLIENT environment. The recommended fix is to annotate the method with this argument or return type with the same annotation. Lithium handles this error by assuming the class cannot be included in some optimizations.
[20:58:22] [Server thread/WARN]: Lithium Class Analysis Error: Class org.betterx.bclib.blocks.BaseBlock cannot be analysed, because getting declared methods crashes with NoClassDefFoundError: net/minecraft/class_793. This is usually caused by modded entities declaring methods that have a return type or parameter type that is annotated with @Environment(value=EnvType.CLIENT). Loading the type is not possible, because it only exists in the CLIENT environment. The recommended fix is to annotate the method with this argument or return type with the same annotation. Lithium handles this error by assuming the class cannot be included in some optimizations.
[20:58:22] [Server thread/WARN]: Lithium Class Analysis Error: Class org.betterx.bclib.blocks.BaseBlock cannot be analysed, because getting declared methods crashes with NoClassDefFoundError: net/minecraft/class_793. This is usually caused by modded entities declaring methods that have a return type or parameter type that is annotated with @Environment(value=EnvType.CLIENT). Loading the type is not possible, because it only exists in the CLIENT environment. The recommended fix is to annotate the method with this argument or return type with the same annotation. Lithium handles this error by assuming the class cannot be included in some optimizations.
[20:58:22] [Server thread/WARN]: Lithium Class Analysis Error: Class org.betterx.bclib.blocks.BaseBlock cannot be analysed, because getting declared methods crashes with NoClassDefFoundError: net/minecraft/class_793. This is usually caused by modded entities declaring methods that have a return type or parameter type that is annotated with @Environment(value=EnvType.CLIENT). Loading the type is not possible, because it only exists in the CLIENT environment. The recommended fix is to annotate the method with this argument or return type with the same annotation. Lithium handles this error by assuming the class cannot be included in some optimizations.
[20:58:22] [Server thread/WARN]: Lithium Class Analysis Error: Class org.betterx.bclib.blocks.BaseBlock cannot be analysed, because getting declared methods crashes with NoClassDefFoundError: net/minecraft/class_793. This is usually caused by modded entities declaring methods that have a return type or parameter type that is annotated with @Environment(value=EnvType.CLIENT). Loading the type is not possible, because it only exists in the CLIENT environment. The recommended fix is to annotate the method with this argument or return type with the same annotation. Lithium handles this error by assuming the class cannot be included in some optimizations.
[20:58:22] [Server thread/WARN]: Lithium Class Analysis Error: Class org.betterx.bclib.blocks.BaseBlock cannot be analysed, because getting declared methods crashes with NoClassDefFoundError: net/minecraft/class_793. This is usually caused by modded entities declaring methods that have a return type or parameter type that is annotated with @Environment(value=EnvType.CLIENT). Loading the type is not possible, because it only exists in the CLIENT environment. The recommended fix is to annotate the method with this argument or return type with the same annotation. Lithium handles this error by assuming the class cannot be included in some optimizations.
[20:58:22] [Server thread/WARN]: Lithium Class Analysis Error: Class org.betterx.bclib.blocks.BaseBlock cannot be analysed, because getting declared methods crashes with NoClassDefFoundError: net/minecraft/class_793. This is usually caused by modded entities declaring methods that have a return type or parameter type that is annotated with @Environment(value=EnvType.CLIENT). Loading the type is not possible, because it only exists in the CLIENT environment. The recommended fix is to annotate the method with this argument or return type with the same annotation. Lithium handles this error by assuming the class cannot be included in some optimizations.
[20:58:22] [Server thread/WARN]: Lithium Class Analysis Error: Class org.betterx.bclib.blocks.BaseBlock cannot be analysed, because getting declared methods crashes with NoClassDefFoundError: net/minecraft/class_793. This is usually caused by modded entities declaring methods that have a return type or parameter type that is annotated with @Environment(value=EnvType.CLIENT). Loading the type is not possible, because it only exists in the CLIENT environment. The recommended fix is to annotate the method with this argument or return type with the same annotation. Lithium handles this error by assuming the class cannot be included in some optimizations.
[20:58:22] [Server thread/WARN]: Lithium Class Analysis Error: Class org.betterx.bclib.blocks.BaseBlock cannot be analysed, because getting declared methods crashes with NoClassDefFoundError: net/minecraft/class_793. This is usually caused by modded entities declaring methods that have a return type or parameter type that is annotated with @Environment(value=EnvType.CLIENT). Loading the type is not possible, because it only exists in the CLIENT environment. The recommended fix is to annotate the method with this argument or return type with the same annotation. Lithium handles this error by assuming the class cannot be included in some optimizations.
[20:58:22] [Server thread/WARN]: Lithium Class Analysis Error: Class org.betterx.bclib.blocks.BaseBlock cannot be analysed, because getting declared methods crashes with NoClassDefFoundError: net/minecraft/class_793. This is usually caused by modded entities declaring methods that have a return type or parameter type that is annotated with @Environment(value=EnvType.CLIENT). Loading the type is not possible, because it only exists in the CLIENT environment. The recommended fix is to annotate the method with this argument or return type with the same annotation. Lithium handles this error by assuming the class cannot be included in some optimizations.
[20:58:22] [Server thread/WARN]: Lithium Class Analysis Error: Class org.betterx.bclib.blocks.BaseBlock cannot be analysed, because getting declared methods crashes with NoClassDefFoundError: net/minecraft/class_793. This is usually caused by modded entities declaring methods that have a return type or parameter type that is annotated with @Environment(value=EnvType.CLIENT). Loading the type is not possible, because it only exists in the CLIENT environment. The recommended fix is to annotate the method with this argument or return type with the same annotation. Lithium handles this error by assuming the class cannot be included in some optimizations.
[20:58:22] [Server thread/WARN]: Lithium Class Analysis Error: Class org.betterx.bclib.blocks.BaseBlock cannot be analysed, because getting declared methods crashes with NoClassDefFoundError: net/minecraft/class_793. This is usually caused by modded entities declaring methods that have a return type or parameter type that is annotated with @Environment(value=EnvType.CLIENT). Loading the type is not possible, because it only exists in the CLIENT environment. The recommended fix is to annotate the method with this argument or return type with the same annotation. Lithium handles this error by assuming the class cannot be included in some optimizations.
[20:58:22] [Server thread/WARN]: Lithium Class Analysis Error: Class org.betterx.bclib.blocks.BaseBlock cannot be analysed, because getting declared methods crashes with NoClassDefFoundError: net/minecraft/class_793. This is usually caused by modded entities declaring methods that have a return type or parameter type that is annotated with @Environment(value=EnvType.CLIENT). Loading the type is not possible, because it only exists in the CLIENT environment. The recommended fix is to annotate the method with this argument or return type with the same annotation. Lithium handles this error by assuming the class cannot be included in some optimizations.
[20:58:22] [Server thread/WARN]: Lithium Class Analysis Error: Class org.betterx.bclib.blocks.BaseBlock cannot be analysed, because getting declared methods crashes with NoClassDefFoundError: net/minecraft/class_793. This is usually caused by modded entities declaring methods that have a return type or parameter type that is annotated with @Environment(value=EnvType.CLIENT). Loading the type is not possible, because it only exists in the CLIENT environment. The recommended fix is to annotate the method with this argument or return type with the same annotation. Lithium handles this error by assuming the class cannot be included in some optimizations.
[20:58:22] [Server thread/WARN]: Lithium Class Analysis Error: Class org.betterx.bclib.blocks.BaseBlock cannot be analysed, because getting declared methods crashes with NoClassDefFoundError: net/minecraft/class_793. This is usually caused by modded entities declaring methods that have a return type or parameter type that is annotated with @Environment(value=EnvType.CLIENT). Loading the type is not possible, because it only exists in the CLIENT environment. The recommended fix is to annotate the method with this argument or return type with the same annotation. Lithium handles this error by assuming the class cannot be included in some optimizations.
[20:58:22] [Server thread/WARN]: Lithium Class Analysis Error: Class org.betterx.bclib.blocks.BaseBlock cannot be analysed, because getting declared methods crashes with NoClassDefFoundError: net/minecraft/class_793. This is usually caused by modded entities declaring methods that have a return type or parameter type that is annotated with @Environment(value=EnvType.CLIENT). Loading the type is not possible, because it only exists in the CLIENT environment. The recommended fix is to annotate the method with this argument or return type with the same annotation. Lithium handles this error by assuming the class cannot be included in some optimizations.
[20:58:22] [Server thread/WARN]: Lithium Class Analysis Error: Class org.betterx.bclib.blocks.BaseBlock cannot be analysed, because getting declared methods crashes with NoClassDefFoundError: net/minecraft/class_793. This is usually caused by modded entities declaring methods that have a return type or parameter type that is annotated with @Environment(value=EnvType.CLIENT). Loading the type is not possible, because it only exists in the CLIENT environment. The recommended fix is to annotate the method with this argument or return type with the same annotation. Lithium handles this error by assuming the class cannot be included in some optimizations.
[20:58:23] [Server thread/WARN]: Lithium Class Analysis Error: Class org.betterx.bclib.blocks.BaseBlock cannot be analysed, because getting declared methods crashes with NoClassDefFoundError: net/minecraft/class_793. This is usually caused by modded entities declaring methods that have a return type or parameter type that is annotated with @Environment(value=EnvType.CLIENT). Loading the type is not possible, because it only exists in the CLIENT environment. The recommended fix is to annotate the method with this argument or return type with the same annotation. Lithium handles this error by assuming the class cannot be included in some optimizations.
[20:58:23] [Server thread/WARN]: Lithium Class Analysis Error: Class org.betterx.bclib.blocks.BaseBlock cannot be analysed, because getting declared methods crashes with NoClassDefFoundError: net/minecraft/class_793. This is usually caused by modded entities declaring methods that have a return type or parameter type that is annotated with @Environment(value=EnvType.CLIENT). Loading the type is not possible, because it only exists in the CLIENT environment. The recommended fix is to annotate the method with this argument or return type with the same annotation. Lithium handles this error by assuming the class cannot be included in some optimizations.
[20:58:23] [Server thread/WARN]: Lithium Class Analysis Error: Class org.betterx.bclib.blocks.BaseBlock cannot be analysed, because getting declared methods crashes with NoClassDefFoundError: net/minecraft/class_793. This is usually caused by modded entities declaring methods that have a return type or parameter type that is annotated with @Environment(value=EnvType.CLIENT). Loading the type is not possible, because it only exists in the CLIENT environment. The recommended fix is to annotate the method with this argument or return type with the same annotation. Lithium handles this error by assuming the class cannot be included in some optimizations.
[20:58:23] [Server thread/WARN]: Lithium Class Analysis Error: Class org.betterx.bclib.blocks.BaseBlock cannot be analysed, because getting declared methods crashes with NoClassDefFoundError: net/minecraft/class_793. This is usually caused by modded entities declaring methods that have a return type or parameter type that is annotated with @Environment(value=EnvType.CLIENT). Loading the type is not possible, because it only exists in the CLIENT environment. The recommended fix is to annotate the method with this argument or return type with the same annotation. Lithium handles this error by assuming the class cannot be included in some optimizations.
[20:58:23] [Server thread/WARN]: Lithium Class Analysis Error: Class org.betterx.bclib.blocks.BaseBlock cannot be analysed, because getting declared methods crashes with NoClassDefFoundError: net/minecraft/class_793. This is usually caused by modded entities declaring methods that have a return type or parameter type that is annotated with @Environment(value=EnvType.CLIENT). Loading the type is not possible, because it only exists in the CLIENT environment. The recommended fix is to annotate the method with this argument or return type with the same annotation. Lithium handles this error by assuming the class cannot be included in some optimizations.
[20:58:23] [Server thread/WARN]: Lithium Class Analysis Error: Class org.betterx.bclib.blocks.BaseLeavesBlock cannot be analysed, because getting declared methods crashes with NoClassDefFoundError: net/minecraft/class_793. This is usually caused by modded entities declaring methods that have a return type or parameter type that is annotated with @Environment(value=EnvType.CLIENT). Loading the type is not possible, because it only exists in the CLIENT environment. The recommended fix is to annotate the method with this argument or return type with the same annotation. Lithium handles this error by assuming the class cannot be included in some optimizations.
[20:58:23] [Server thread/WARN]: Lithium Class Analysis Error: Class org.betterx.bclib.blocks.BaseLeavesBlock cannot be analysed, because getting declared methods crashes with NoClassDefFoundError: net/minecraft/class_793. This is usually caused by modded entities declaring methods that have a return type or parameter type that is annotated with @Environment(value=EnvType.CLIENT). Loading the type is not possible, because it only exists in the CLIENT environment. The recommended fix is to annotate the method with this argument or return type with the same annotation. Lithium handles this error by assuming the class cannot be included in some optimizations.
[20:58:23] [Server thread/WARN]: Lithium Class Analysis Error: Class org.betterx.bclib.blocks.BaseLeavesBlock cannot be analysed, because getting declared methods crashes with NoClassDefFoundError: net/minecraft/class_793. This is usually caused by modded entities declaring methods that have a return type or parameter type that is annotated with @Environment(value=EnvType.CLIENT). Loading the type is not possible, because it only exists in the CLIENT environment. The recommended fix is to annotate the method with this argument or return type with the same annotation. Lithium handles this error by assuming the class cannot be included in some optimizations.
[20:58:23] [Server thread/WARN]: Lithium Class Analysis Error: Class org.betterx.bclib.blocks.BaseLeavesBlock cannot be analysed, because getting declared methods crashes with NoClassDefFoundError: net/minecraft/class_793. This is usually caused by modded entities declaring methods that have a return type or parameter type that is annotated with @Environment(value=EnvType.CLIENT). Loading the type is not possible, because it only exists in the CLIENT environment. The recommended fix is to annotate the method with this argument or return type with the same annotation. Lithium handles this error by assuming the class cannot be included in some optimizations.
[20:58:23] [Server thread/WARN]: Lithium Class Analysis Error: Class org.betterx.bclib.blocks.BaseLeavesBlock cannot be analysed, because getting declared methods crashes with NoClassDefFoundError: net/minecraft/class_793. This is usually caused by modded entities declaring methods that have a return type or parameter type that is annotated with @Environment(value=EnvType.CLIENT). Loading the type is not possible, because it only exists in the CLIENT environment. The recommended fix is to annotate the method with this argument or return type with the same annotation. Lithium handles this error by assuming the class cannot be included in some optimizations.
[20:58:23] [Server thread/WARN]: Lithium Class Analysis Error: Class org.betterx.bclib.blocks.BaseLeavesBlock cannot be analysed, because getting declared methods crashes with NoClassDefFoundError: net/minecraft/class_793. This is usually caused by modded entities declaring methods that have a return type or parameter type that is annotated with @Environment(value=EnvType.CLIENT). Loading the type is not possible, because it only exists in the CLIENT environment. The recommended fix is to annotate the method with this argument or return type with the same annotation. Lithium handles this error by assuming the class cannot be included in some optimizations.
[20:58:23] [Server thread/WARN]: Lithium Class Analysis Error: Class org.betterx.bclib.blocks.BaseBlock cannot be analysed, because getting declared methods crashes with NoClassDefFoundError: net/minecraft/class_793. This is usually caused by modded entities declaring methods that have a return type or parameter type that is annotated with @Environment(value=EnvType.CLIENT). Loading the type is not possible, because it only exists in the CLIENT environment. The recommended fix is to annotate the method with this argument or return type with the same annotation. Lithium handles this error by assuming the class cannot be included in some optimizations.
[20:58:23] [Server thread/WARN]: Lithium Class Analysis Error: Class org.betterx.bclib.blocks.BaseBlock cannot be analysed, because getting declared methods crashes with NoClassDefFoundError: net/minecraft/class_793. This is usually caused by modded entities declaring methods that have a return type or parameter type that is annotated with @Environment(value=EnvType.CLIENT). Loading the type is not possible, because it only exists in the CLIENT environment. The recommended fix is to annotate the method with this argument or return type with the same annotation. Lithium handles this error by assuming the class cannot be included in some optimizations.
[20:58:23] [Server thread/INFO]: Ignoring world 'ad_astra:mercury_orbit'; unknown dimension type: ad_astra:mercury_orbit
[20:58:23] [Server thread/INFO]: Ignoring world 'minecells:promenade'; unknown dimension type: minecells:promenade
[20:58:23] [Server thread/INFO]: Ignoring world 'ad_astra:moon_orbit'; unknown dimension type: ad_astra:moon_orbit
[20:58:23] [Server thread/INFO]: Ignoring world 'minecells:black_bridge'; unknown dimension type: minecells:black_bridge
[20:58:23] [Server thread/INFO]: Ignoring world 'the_bumblezone:the_bumblezone'; unknown dimension type: the_bumblezone:the_bumblezone
[20:58:23] [Server thread/INFO]: Ignoring world 'ad_astra:mars_orbit'; unknown dimension type: ad_astra:mars_orbit
[20:58:23] [Server thread/INFO]: Ignoring world 'graveyard:past'; unknown dimension type: graveyard:past
[20:58:23] [Server thread/INFO]: Ignoring world 'ad_astra:mars'; unknown dimension type: ad_astra:mars
[20:58:23] [Server thread/INFO]: Ignoring world 'prominent:cinderstone_depths'; unknown dimension type: prominent:cinderstone_depths
[20:58:23] [Server thread/INFO]: Ignoring world 'ad_astra:venus_orbit'; unknown dimension type: ad_astra:venus_orbit
[20:58:23] [Server thread/INFO]: Ignoring world 'minecells:ramparts'; unknown dimension type: minecells:ramparts
[20:58:23] [Server thread/INFO]: Ignoring world 'deeperdarker:otherside'; unknown dimension type: deeperdarker:otherside
[20:58:23] [Server thread/INFO]: Ignoring world 'minecells:prison'; unknown dimension type: minecells:prison
[20:58:23] [Server thread/INFO]: Ignoring world 'ad_astra:glacio_orbit'; unknown dimension type: ad_astra:glacio_orbit
[20:58:23] [Server thread/INFO]: Ignoring world 'prominent:vaaz_volcano'; unknown dimension type: prominent:cinderstone_depths
[20:58:23] [Server thread/INFO]: Ignoring world 'minecells:insufferable_crypt'; unknown dimension type: minecells:prison
[20:58:23] [Server thread/INFO]: Ignoring world 'ad_astra:mercury'; unknown dimension type: ad_astra:mercury
[20:58:23] [Server thread/INFO]: Ignoring world 'spellbladenext:glassocean'; unknown dimension type: spellbladenext:glassocean
[20:58:23] [Server thread/INFO]: Ignoring world 'ad_astra:venus'; unknown dimension type: ad_astra:venus
[20:58:23] [Server thread/INFO]: Ignoring world 'ad_astra:earth_orbit'; unknown dimension type: ad_astra:earth_orbit
[20:58:23] [Server thread/INFO]: Ignoring world 'ad_astra:glacio'; unknown dimension type: ad_astra:glacio
[20:58:23] [Server thread/INFO]: Ignoring world 'ad_astra:moon'; unknown dimension type: ad_astra:moon
[20:58:23] [Server thread/INFO]: Ignoring world 'ae2:spatial_storage'; unknown dimension type: ae2:spatial_storage
[20:58:23] [Server thread/INFO]: Loading dimension "minecraft:the_nether" with biome source: "bclib:nether_biome_source".
[20:58:23] [Server thread/WARN]: Non-unique structure_set salt:0 potentially creating overlapping structures detected. Structure sets: [minecraft:mineshafts, minecraft:strongholds, minecraft:buried_treasures]
[20:58:23] [Server thread/WARN]: Non-unique structure_set salt:10387313 potentially creating overlapping structures detected. Structure sets: [minecraft:ocean_monuments, minecraft:end_cities]
[20:58:23] [Server thread/WARN]: Non-unique structure_set salt:1646207470 potentially creating overlapping structures detected. Structure sets: [mobs_of_mythology:automaton_structure, soulsweapons:overworld_structures]
[20:58:23] [Server thread/WARN]: Non-unique structure_set salt:2043237655 potentially creating overlapping structures detected. Structure sets: [minecells:prison, minecells:promenade_wall_z, minecells:promenade_wall_x, minecells:insufferable_crypt, minecells:black_bridge, minecells:overworld_portal, minecells:ramparts]
[20:58:23] [Server thread/WARN]: Non-unique structure_set salt:784827271 potentially creating overlapping structures detected. Structure sets: [betterfortresses:fortress, betteroceanmonuments:ocean_monument]
[20:58:23] [Server thread/WARN]: Non-unique structure_set salt:265792644 potentially creating overlapping structures detected. Structure sets: [philipsruins:ancient_crypt, philipsruins:end_ruins]
[20:58:23] [Server thread/WARN]: Non-unique structure_set salt:499672 potentially creating overlapping structures detected. Structure sets: [bosses_of_mass_destruction:obsidilith_arena, bosses_of_mass_destruction:gauntlet_arena]
[20:58:23] [Server thread/WARN]: Non-unique structure_set salt:14357620 potentially creating overlapping structures detected. Structure sets: [minecraft:swamp_huts, promenade:witch_huts]
[20:58:23] [Server thread/WARN]: Non-unique structure_set salt:598017285 potentially creating overlapping structures detected. Structure sets: [graveyard:small_desert_graveyard_structure, graveyard:small_graveyard_structure]
[20:58:23] [Server thread/WARN]: Non-unique structure_set salt:1982700828 potentially creating overlapping structures detected. Structure sets: [integrated_villages:regular_villages, integrated_villages:air_villages]
[20:58:23] [Server thread/INFO]: Preparing start region for dimension minecraft:overworld
[20:58:23] [Server thread/WARN]: Method overwrite conflict for removeIf in modernfix-common.mixins.json:bugfix.paper_chunk_patches.SortedArraySetMixin from mod modernfix, previously written by me.jellysquid.mods.lithium.mixin.world.chunk_tickets.SortedArraySetMixin. Skipping method.
[20:58:25] [Server thread/WARN]: @Redirect conflict. Skipping mixins.redirected_fabric_1.20.1.json:net.minecraft.world.level.block.piston.PistonStructureResolverMixin from mod redirected->@Redirect::redirectDirections()[Lnet/minecraft/class_2350; with priority 10, already redirected by lithium.mixins.json:alloc.enum_values.piston_handler.PistonHandlerMixin from mod lithium->@Redirect::removeAllocation()[Lnet/minecraft/class_2350; with priority 1000
[20:58:26] [Server thread/WARN]: Lithium Class Analysis Error: Class org.betterx.bclib.blocks.BaseBlock cannot be analysed, because getting declared methods crashes with NoClassDefFoundError: net/minecraft/class_793. This is usually caused by modded entities declaring methods that have a return type or parameter type that is annotated with @Environment(value=EnvType.CLIENT). Loading the type is not possible, because it only exists in the CLIENT environment. The recommended fix is to annotate the method with this argument or return type with the same annotation. Lithium handles this error by assuming the class cannot be included in some optimizations.
[20:58:26] [Server thread/WARN]: Lithium Class Analysis Error: Class org.betterx.bclib.blocks.BaseBlock cannot be analysed, because getting declared methods crashes with NoClassDefFoundError: net/minecraft/class_793. This is usually caused by modded entities declaring methods that have a return type or parameter type that is annotated with @Environment(value=EnvType.CLIENT). Loading the type is not possible, because it only exists in the CLIENT environment. The recommended fix is to annotate the method with this argument or return type with the same annotation. Lithium handles this error by assuming the class cannot be included in some optimizations.
[20:58:27] [Server thread/INFO]: Preparing spawn area: 0%
[20:58:27] [Server thread/INFO]: Preparing spawn area: 0%
[20:58:27] [Server thread/INFO]: Preparing spawn area: 0%
[20:58:27] [Server thread/INFO]: Preparing spawn area: 0%
[20:58:27] [Server thread/INFO]: Preparing spawn area: 0%
[20:58:27] [Server thread/INFO]: Preparing spawn area: 0%
[20:58:27] [Server thread/INFO]: Preparing spawn area: 0%
[20:58:27] [Server thread/INFO]: Preparing spawn area: 0%
[20:58:27] [Server thread/INFO]: Preparing spawn area: 0%
[20:58:28] [Server thread/WARN]: Method overwrite conflict for computeValue in spellbladenext.mixins.json:AttributeMixin from mod spellbladenext, previously written by com.extraspellattributes.mixin.AttributeMixin. Skipping method.
[20:58:28] [Server thread/WARN]: Method overwrite conflict for computeAdded in spellbladenext.mixins.json:AttributeMixin from mod spellbladenext, previously written by com.extraspellattributes.mixin.AttributeMixin. Skipping method.
[20:58:29] [Server thread/INFO]: Time elapsed: 5681 ms
[20:58:29] [Server thread/INFO]: Done (8.655s)! For help, type "help"
[20:58:29] [Server thread/WARN]: Dedicated server took 84.144 seconds to load
[20:58:29] [Server thread/ERROR]: Couldn't load the given entries within tag alloy_forgery:blacklisted_blasting_recipes: minecraft:coal_from_blasting_coal_ore (from fabric), minecraft:coal_from_blasting_deepslate_coal_ore (from fabric)
[20:58:29] [Server thread/INFO]: Loading quests from /workspaces/server-minecraft23423423/servidor_minecraft/config/ftbquests/quests
[20:58:29] [Server thread/INFO]: Loaded 9 chapter groups, 33 chapters, 1630 quests, 13 reward tables
[20:58:30] [Server thread/INFO]: Encoded Weapon Attribute registry size: 391904 bytes (uncompressed), 20992 bytes (compressed), compression ratio: 94.6% (in 3 string chunks with the size of 10000)
[20:58:30] [Server thread/INFO]: Loaded config for: clickadv.json
[20:58:30] [Server thread/INFO]: Loaded config for: dragonfight.json
[20:58:30] [Server thread/INFO]: Loaded config for: smoothchunk.json
[20:58:30] [Server thread/INFO]: [STDOUT]: PREPARING FOR RELOAD
[20:58:30] [Server thread/INFO]: Start loading plugin from Applied Energistics 2
[20:58:30] [Server thread/INFO]: Start loading plugin from Balm
[20:58:30] [Server thread/INFO]: Start loading plugin from ExtendedAE
[20:58:30] [Server thread/INFO]: Start loading plugin from Jade
[20:58:30] [Server thread/INFO]: Start loading plugin from Jade
[20:58:30] [Server thread/INFO]: Start loading plugin from Jade
[20:58:30] [Server thread/INFO]: Start loading plugin from Supplementaries
[20:58:30] [Server thread/INFO]: Start loading plugin from HT's TreeChop
[20:58:30] [Server thread/INFO]: Start loading plugin from Zenith
[20:58:30] [Server thread/INFO]: Start loading plugin from Zenith
[20:58:30] [Server thread/INFO]: Start loading plugin from Zenith
[20:58:30] [Server thread/INFO]: Loaded 0 items attribute modifier(s)
[20:58:31] [Server thread/INFO]: (Re-)initialised bulk cell compression.
[20:58:31] [Server thread/INFO]: Loaded values for 144 compatible attributes.
[20:58:31] [Server thread/WARN]: Attribute ID 'puffish_skills:player.ranged_damage' does not belong to a known attribute. This entry will be ignored.
[20:58:31] [Server thread/WARN]: Attribute ID 'spellbladenext:converttofire' does not belong to a known attribute. This entry will be ignored.
[20:58:31] [Server thread/WARN]: Attribute ID 'spellbladenext:converttoarcane' does not belong to a known attribute. This entry will be ignored.
[20:58:31] [Server thread/WARN]: Attribute ID 'puffish_skills:player.fortune' does not belong to a known attribute. This entry will be ignored.
[20:58:31] [Server thread/WARN]: Attribute ID 'spellbladenext:warding' does not belong to a known attribute. This entry will be ignored.
[20:58:31] [Server thread/WARN]: Attribute ID 'additionalentityattributes:dig_speed' does not belong to a known attribute. This entry will be ignored.
[20:58:31] [Server thread/WARN]: Attribute ID 'spellbladenext:convertfromfrost' does not belong to a known attribute. This entry will be ignored.
[20:58:31] [Server thread/WARN]: Attribute ID 'additionalentityattributes:water_visibility' does not belong to a known attribute. This entry will be ignored.
[20:58:31] [Server thread/WARN]: Attribute ID 'minecraft:estrogen.boob_initial_size' does not belong to a known attribute. This entry will be ignored.
[20:58:31] [Server thread/WARN]: Attribute ID 'additionalentityattributes:critical_bonus_damage' does not belong to a known attribute. This entry will be ignored.
[20:58:31] [Server thread/WARN]: Attribute ID 'spellbladenext:convertfromarcane' does not belong to a known attribute. This entry will be ignored.
[20:58:31] [Server thread/WARN]: Attribute ID 'spellbladenext:convertfromfire' does not belong to a known attribute. This entry will be ignored.
[20:58:31] [Server thread/WARN]: Attribute ID 'prominent:ekavar_phase' does not belong to a known attribute. This entry will be ignored.
[20:58:31] [Server thread/WARN]: Attribute ID 'puffish_skills:player.knockback' does not belong to a known attribute. This entry will be ignored.
[20:58:31] [Server thread/WARN]: Attribute ID 'additionalentityattributes:dropped_experience' does not belong to a known attribute. This entry will be ignored.
[20:58:31] [Server thread/WARN]: Attribute ID 'minecraft:estrogen.boob_growing_start_time' does not belong to a known attribute. This entry will be ignored.
[20:58:31] [Server thread/WARN]: Attribute ID 'additionalentityattributes:lava_visibility' does not belong to a known attribute. This entry will be ignored.
[20:58:31] [Server thread/WARN]: Attribute ID 'death_knights:unholy' does not belong to a known attribute. This entry will be ignored.
[20:58:31] [Server thread/WARN]: Attribute ID 'puffish_skills:player.mining_speed' does not belong to a known attribute. This entry will be ignored.
[20:58:31] [Server thread/WARN]: Attribute ID 'additionalentityattributes:water_speed' does not belong to a known attribute. This entry will be ignored.
[20:58:31] [Server thread/WARN]: Attribute ID 'minecraft:estrogen.dash_level' does not belong to a known attribute. This entry will be ignored.
[20:58:31] [Server thread/WARN]: Attribute ID 'puffish_skills:player.jump' does not belong to a known attribute. This entry will be ignored.
[20:58:31] [Server thread/WARN]: Attribute ID 'additionalentityattributes:magic_protection' does not belong to a known attribute. This entry will be ignored.
[20:58:31] [Server thread/WARN]: Attribute ID 'additionalentityattributes:bonus_loot_count_rolls' does not belong to a known attribute. This entry will be ignored.
[20:58:31] [Server thread/WARN]: Attribute ID 'additionalentityattributes:lung_capacity' does not belong to a known attribute. This entry will be ignored.
[20:58:31] [Server thread/WARN]: Attribute ID 'puffish_skills:player.resistance' does not belong to a known attribute. This entry will be ignored.
[20:58:31] [Server thread/WARN]: Attribute ID 'death_knights:blood' does not belong to a known attribute. This entry will be ignored.
[20:58:31] [Server thread/WARN]: Attribute ID 'spellbladenext:converttofrost' does not belong to a known attribute. This entry will be ignored.
[20:58:31] [Server thread/WARN]: Attribute ID 'puffish_skills:player.stamina' does not belong to a known attribute. This entry will be ignored.
[20:58:31] [Server thread/WARN]: Attribute ID 'puffish_skills:player.healing' does not belong to a known attribute. This entry will be ignored.
[20:58:31] [Server thread/WARN]: Attribute ID 'puffish_skills:player.sprinting_speed' does not belong to a known attribute. This entry will be ignored.
[20:58:31] [Server thread/WARN]: Attribute ID 'puffish_skills:player.melee_damage' does not belong to a known attribute. This entry will be ignored.
[20:58:31] [Server thread/WARN]: Attribute ID 'spellbladenext:converttoheal' does not belong to a known attribute. This entry will be ignored.
[20:58:31] [Server thread/WARN]: Attribute ID 'additionalentityattributes:lava_speed' does not belong to a known attribute. This entry will be ignored.
[20:58:31] [Server thread/WARN]: Attribute ID 'additionalentityattributes:bonus_rare_loot_rolls' does not belong to a known attribute. This entry will be ignored.
[20:58:31] [Server thread/WARN]: Attribute ID 'minecraft:estrogen.current_dashes' does not belong to a known attribute. This entry will be ignored.
[20:58:31] [Server thread/INFO]: Loaded 194 values from config.
[20:58:31] [Server thread/INFO]: Saving config file. 194 entries.
[20:58:31] [Server thread/INFO]: Applying changes for 194 attributes.
[20:58:31] [Server thread/INFO]: Loading claims...
[20:58:31] [Server thread/INFO]: Loaded claims in 7ms
[20:58:31] [Server thread/WARN]: The configured permission system "prometheus" isn't registered!
[20:58:31] [Server thread/INFO]: Configured OPAC to use the following permission system: permission_api
[20:58:31] [Server thread/WARN]: The configured primary party system "argonauts_guilds" isn't registered!
[20:58:31] [Server thread/INFO]: Configured OPAC to use the following party system as primary: default
[20:58:31] [Server thread/INFO]: Registered synced player tracker system: ftb_teams
[20:58:31] [Server thread/INFO]: Registered synced player tracker system: ftb_teams
[20:58:31] [Server thread/INFO]: Auto report config loaded for mod: "copycats"
[20:58:31] [Server thread/INFO]: Auto report config loaded for mod: "the_bumblezone"
[20:58:31] [Server thread/INFO]: Blacklist loaded for namespace: "the_bumblezone"
[20:58:31] [Server thread/INFO]: Mixing common.MixinServerStatus from mixins/common/nochatreports.mixins.json into net.minecraft.class_2926
[20:58:31] [Server thread/WARN]: Can't keep up! Is the server overloaded? Running 2368ms or 47 ticks behind
[20:58:31] [Server thread/INFO]: Loading Xaero's Minimap - Stage 2/2 (Server)
[20:58:31] [Server thread/INFO]: Loading Xaero's World Map - Stage 2/2 (Server)
[20:58:36] [Server thread/INFO]: [Handshake] Sending channel query
[20:58:37] [Netty Epoll Server IO #1/INFO]: [Handshake] Receiving client channels
[20:58:37] [Netty Epoll Server IO #1/INFO]: [Handshake] Handshake completed successfully
[20:58:37] [Server thread/INFO]: zxymatthewyxz[/100.84.145.86:51924] logged in with entity id 259 at (-266.943814906702, 15.0, 283.8297092073425)
[20:58:38] [Server thread/INFO]: Sending server config values to client
[20:58:38] [Server thread/INFO]: Syncing config to zxymatthewyxz (433be659-15d5-3745-9436-55cee3bfccfc)
[20:58:39] [Server thread/INFO]: Loading config from file...
[20:58:39] [Server thread/ERROR]: [Load My F***ing Tags]: It seems that some tags are a bit cooked. Look at the Logs for more details on broken functions. 
[20:58:40] [Server thread/INFO]: [STDOUT]: Splitting recipes into 10 packets
[20:58:40] [Server thread/INFO]: [betternether] Freeze Registry[ResourceKey[minecraft:root / worlds_together:worldgen/betterx/surface_rules] (Stable)]
[20:58:40] [Server thread/INFO]: zxymatthewyxz joined the game
[20:58:40] [Server thread/INFO]: [Sortilege] Loading Configs for Sortilege
[20:58:40] [Server thread/INFO]: add_player wand
[20:58:40] [Server thread/INFO]: player_data {bleed:0,parry_frames:0,posture:0,target_max_posture:200,target_name:"",target_posture:0}
[20:58:40] [Server thread/INFO]: Updating all forceload tickets for 433be659-15d5-3745-9436-55cee3bfccfc
[20:58:41] [Server thread/WARN]: Lithium Class Analysis Error: Class org.betterx.bclib.blocks.BaseOreBlock cannot be analysed, because getting declared methods crashes with NoClassDefFoundError: net/minecraft/class_793. This is usually caused by modded entities declaring methods that have a return type or parameter type that is annotated with @Environment(value=EnvType.CLIENT). Loading the type is not possible, because it only exists in the CLIENT environment. The recommended fix is to annotate the method with this argument or return type with the same annotation. Lithium handles this error by assuming the class cannot be included in some optimizations.
[20:58:41] [Server thread/WARN]: Lithium Class Analysis Error: Class org.betterx.bclib.blocks.BaseOreBlock cannot be analysed, because getting declared methods crashes with NoClassDefFoundError: net/minecraft/class_793. This is usually caused by modded entities declaring methods that have a return type or parameter type that is annotated with @Environment(value=EnvType.CLIENT). Loading the type is not possible, because it only exists in the CLIENT environment. The recommended fix is to annotate the method with this argument or return type with the same annotation. Lithium handles this error by assuming the class cannot be included in some optimizations.
[20:58:41] [Server thread/WARN]: Lithium Class Analysis Error: Class org.betterx.bclib.blocks.BaseOreBlock cannot be analysed, because getting declared methods crashes with NoClassDefFoundError: net/minecraft/class_793. This is usually caused by modded entities declaring methods that have a return type or parameter type that is annotated with @Environment(value=EnvType.CLIENT). Loading the type is not possible, because it only exists in the CLIENT environment. The recommended fix is to annotate the method with this argument or return type with the same annotation. Lithium handles this error by assuming the class cannot be included in some optimizations.
[20:58:41] [Server thread/WARN]: Lithium Class Analysis Error: Class org.betterx.bclib.blocks.BaseBlock cannot be analysed, because getting declared methods crashes with NoClassDefFoundError: net/minecraft/class_793. This is usually caused by modded entities declaring methods that have a return type or parameter type that is annotated with @Environment(value=EnvType.CLIENT). Loading the type is not possible, because it only exists in the CLIENT environment. The recommended fix is to annotate the method with this argument or return type with the same annotation. Lithium handles this error by assuming the class cannot be included in some optimizations.
[20:58:41] [Server thread/WARN]: Lithium Class Analysis Error: Class org.betterx.bclib.blocks.BaseBlock cannot be analysed, because getting declared methods crashes with NoClassDefFoundError: net/minecraft/class_793. This is usually caused by modded entities declaring methods that have a return type or parameter type that is annotated with @Environment(value=EnvType.CLIENT). Loading the type is not possible, because it only exists in the CLIENT environment. The recommended fix is to annotate the method with this argument or return type with the same annotation. Lithium handles this error by assuming the class cannot be included in some optimizations.
[20:58:41] [Server thread/WARN]: Lithium Class Analysis Error: Class org.betterx.betternether.blocks.RedstoneOreBlock cannot be analysed, because getting declared methods crashes with NoClassDefFoundError: net/minecraft/class_793. This is usually caused by modded entities declaring methods that have a return type or parameter type that is annotated with @Environment(value=EnvType.CLIENT). Loading the type is not possible, because it only exists in the CLIENT environment. The recommended fix is to annotate the method with this argument or return type with the same annotation. Lithium handles this error by assuming the class cannot be included in some optimizations.
[20:58:42] [Netty Epoll Server IO #1/INFO]: Receiving client config
[20:58:44] [Server thread/WARN]: Lithium Class Analysis Error: Class org.betterx.betternether.blocks.RedstoneOreBlock cannot be analysed, because getting declared methods crashes with NoClassDefFoundError: net/minecraft/class_793. This is usually caused by modded entities declaring methods that have a return type or parameter type that is annotated with @Environment(value=EnvType.CLIENT). Loading the type is not possible, because it only exists in the CLIENT environment. The recommended fix is to annotate the method with this argument or return type with the same annotation. Lithium handles this error by assuming the class cannot be included in some optimizations.
[20:58:47] [Netty Epoll Server IO #1/INFO]: Channel update: zxymatthewyxz -> default
[20:58:47] [Netty Epoll Server IO #1/INFO]: Priority overwritten for player zxymatthewyxz. Claiming: GRAVE / Robbing: INVENTORY
[20:58:50] [Netty Epoll Server IO #1/INFO]: [do_a_barrel_roll] Client of zxymatthewyxz accepted server config.
[20:58:53] [Server thread/WARN]: Lithium Class Analysis Error: Class org.betterx.bclib.blocks.BaseBlock cannot be analysed, because getting declared methods crashes with NoClassDefFoundError: net/minecraft/class_793. This is usually caused by modded entities declaring methods that have a return type or parameter type that is annotated with @Environment(value=EnvType.CLIENT). Loading the type is not possible, because it only exists in the CLIENT environment. The recommended fix is to annotate the method with this argument or return type with the same annotation. Lithium handles this error by assuming the class cannot be included in some optimizations.
[20:58:56] [Server thread/WARN]: Can't keep up! Is the server overloaded? Running 9660ms or 193 ticks behind
[20:59:11] [Server thread/INFO]: [Handshake] Sending channel query
[20:59:11] [Netty Epoll Server IO #3/INFO]: [Handshake] Receiving client channels
[20:59:11] [Netty Epoll Server IO #3/INFO]: [Handshake] Handshake completed successfully
[20:59:11] [Server thread/INFO]: liamsitol[/100.109.210.5:54387] logged in with entity id 1376 at (-150.24967828276672, 15.0, 164.96563221725876)
[20:59:11] [Server thread/INFO]: Sending server config values to client
[20:59:11] [Server thread/INFO]: Syncing config to liamsitol (7a9396e1-947c-3ecf-b472-b97fcf5c0003)
[20:59:11] [Server thread/INFO]: Loading config from file...
[20:59:11] [Server thread/ERROR]: [Load My F***ing Tags]: It seems that some tags are a bit cooked. Look at the Logs for more details on broken functions. 
[20:59:12] [Server thread/INFO]: [STDOUT]: Splitting recipes into 10 packets
[20:59:12] [Server thread/INFO]: [betternether] Freeze Registry[ResourceKey[minecraft:root / worlds_together:worldgen/betterx/surface_rules] (Stable)]
[20:59:12] [Server thread/INFO]: liamsitol joined the game
[20:59:12] [Server thread/INFO]: [Sortilege] Loading Configs for Sortilege
[20:59:12] [Server thread/INFO]: add_player wand
[20:59:12] [Server thread/INFO]: player_data {bleed:0,max_posture:201,parry_frames:0,posture:0,should_damage_riding:0b,target_max_posture:200,target_name:"",target_posture:0}
[20:59:12] [Server thread/INFO]: Updating all forceload tickets for 7a9396e1-947c-3ecf-b472-b97fcf5c0003
[20:59:14] [Server thread/WARN]: Can't keep up! Is the server overloaded? Running 2037ms or 40 ticks behind
[20:59:15] [Netty Epoll Server IO #3/INFO]: Receiving client config
[20:59:19] [Netty Epoll Server IO #3/INFO]: Channel update: liamsitol -> default
[20:59:19] [Netty Epoll Server IO #3/INFO]: Priority overwritten for player liamsitol. Claiming: GRAVE / Robbing: INVENTORY
[20:59:22] [Netty Epoll Server IO #3/INFO]: [do_a_barrel_roll] Client of liamsitol accepted server config.
[20:59:43] [Server thread/WARN]: Can't keep up! Is the server overloaded? Running 13729ms or 274 ticks behind
[20:59:46] [Server thread/INFO]: [liamsitol: Teleported liamsitol to -58.500000, 89.500000, 97.500000]
[20:59:54] [Netty Epoll Server IO #3/INFO]: [do_a_barrel_roll] Client of liamsitol accepted server config.
[21:00:03] [Server thread/WARN]: Can't keep up! Is the server overloaded? Running 5031ms or 100 ticks behind
[21:00:10] [Server thread/INFO]: [Handshake] Sending channel query
[21:00:10] [Netty Epoll Server IO #5/INFO]: [Handshake] Receiving client channels
[21:00:10] [Netty Epoll Server IO #5/INFO]: [Handshake] Handshake completed successfully
[21:00:10] [Server thread/INFO]: Pilin[/100.98.241.29:58604] logged in with entity id 3604 at (-640.1520116041652, 112.5, 547.5073420265234)
[21:00:10] [Server thread/INFO]: Sending server config values to client
[21:00:10] [Server thread/INFO]: Syncing config to Pilin (349e4b3a-0018-34a8-a2fc-69a3b99167cc)
[21:00:10] [Server thread/INFO]: Loading config from file...
[21:00:10] [Server thread/ERROR]: [Load My F***ing Tags]: It seems that some tags are a bit cooked. Look at the Logs for more details on broken functions. 
[21:00:11] [Server thread/INFO]: [STDOUT]: Splitting recipes into 10 packets
[21:00:11] [Server thread/INFO]: [betternether] Freeze Registry[ResourceKey[minecraft:root / worlds_together:worldgen/betterx/surface_rules] (Stable)]
[21:00:11] [Server thread/INFO]: Pilin joined the game
[21:00:11] [Server thread/INFO]: [Sortilege] Loading Configs for Sortilege
[21:00:11] [Server thread/INFO]: add_player wand
[21:00:11] [Server thread/INFO]: player_data {bleed:0,max_posture:197,parry_frames:0,posture:0,target_max_posture:200,target_name:"",target_posture:0}
[21:00:11] [Server thread/INFO]: Updating all forceload tickets for 349e4b3a-0018-34a8-a2fc-69a3b99167cc
[21:00:12] [Server thread/INFO]: [STDOUT]: Finalizing energy item registration
[21:00:13] [Netty Epoll Server IO #5/INFO]: Receiving client config
[21:00:17] [Netty Epoll Server IO #5/INFO]: Channel update: Pilin -> default
[21:00:17] [Netty Epoll Server IO #5/INFO]: Priority overwritten for player Pilin. Claiming: GRAVE / Robbing: INVENTORY
[21:00:19] [Netty Epoll Server IO #5/INFO]: [do_a_barrel_roll] Client of Pilin accepted server config.
[21:00:30] [Server thread/WARN]: Can't keep up! Is the server overloaded? Running 12381ms or 247 ticks behind
[21:00:31] [Server thread/INFO]: [STDOUT]: Finalizing fluid block registration
[21:00:31] [Server thread/INFO]: [STDOUT]: Finalizing energy block registration
[21:01:10] [Server thread/INFO]: [zxymatthewyxz: Teleported zxymatthewyxz to Pilin]
[21:01:10] [Netty Epoll Server IO #1/INFO]: [do_a_barrel_roll] Client of zxymatthewyxz accepted server config.
[21:01:48] [Server thread/INFO]: [zxymatthewyxz: Teleported zxymatthewyxz to -134.500000, 79.500000, 1800.500000]
[21:02:57] [Server thread/INFO]: [zxymatthewyxz: Teleported zxymatthewyxz to Pilin]
[21:04:58] [Server thread/INFO]: [zxymatthewyxz: Teleported zxymatthewyxz to -134.500000, 79.500000, 1800.500000]
[21:07:16] [Server thread/INFO]: liamsitol has made the advancement [Cincinnasite Ore]
[21:07:18] [Server thread/INFO]: [Pilin: Teleported Pilin to -1062.500000, 249.500000, 16.500000]
[21:07:21] [Server thread/WARN]: Can't keep up! Is the server overloaded? Running 3538ms or 70 ticks behind
[21:07:41] [Server thread/WARN]: Can't keep up! Is the server overloaded? Running 5512ms or 110 ticks behind
[21:07:49] [Server thread/INFO]: [Pilin: Teleported Pilin to -639.500000, 111.500000, 550.500000]
[21:08:00] [Server thread/WARN]: Can't keep up! Is the server overloaded? Running 3515ms or 70 ticks behind
[21:08:45] [Server thread/WARN]: Can't keep up! Is the server overloaded? Running 2095ms or 41 ticks behind
[21:09:51] [Server thread/WARN]: Can't keep up! Is the server overloaded? Running 2042ms or 40 ticks behind
[21:10:15] [Server thread/INFO]: zxymatthewyxz has made the advancement [Upgrades!]
[21:10:22] [Server thread/WARN]: Can't keep up! Is the server overloaded? Running 2014ms or 40 ticks behind
[21:10:39] [Server thread/WARN]: Can't keep up! Is the server overloaded? Running 2727ms or 54 ticks behind
[21:10:58] [Server thread/INFO]: [zxymatthewyxz: Teleported zxymatthewyxz to -638.500000, 111.500000, 535.500000]
[21:17:06] [Server thread/INFO]: [zxymatthewyxz: Teleported zxymatthewyxz to -134.500000, 79.500000, 1800.500000]
[21:17:30] [Server thread/INFO]: [zxymatthewyxz: Teleported zxymatthewyxz to -638.500000, 111.500000, 535.500000]
[21:18:11] [Server thread/INFO]: [zxymatthewyxz: Teleported zxymatthewyxz to -134.500000, 79.500000, 1800.500000]
[21:20:59] [Server thread/INFO]: [zxymatthewyxz: Teleported zxymatthewyxz to -1074.500000, 249.500000, 16.500000]
[21:22:20] [Server thread/INFO]: [zxymatthewyxz: Created team [pene]]
[21:22:28] [Server thread/INFO]: [zxymatthewyxz: Added 3 members to team [pene]]
[21:22:45] [Server thread/INFO]: [zxymatthewyxz: Disabled friendly fire for team [pene]]
[21:23:37] [Server thread/INFO]: [liamsitol: Teleported liamsitol to -433.500000, 75.500000, 691.500000]
[21:23:57] [Server thread/WARN]: Can't keep up! Is the server overloaded? Running 2014ms or 40 ticks behind
[21:24:16] [Server thread/WARN]: Can't keep up! Is the server overloaded? Running 4274ms or 85 ticks behind
[21:25:11] [Server thread/INFO]: Villager class_1646['Ruby'/12757, l='ServerLevel[world]', x=-1043.03, y=67.00, z=82.26] died, message: 'Ruby hit the ground too hard'
[21:25:11] [Server thread/INFO]: Named entity class_1646['Ruby'/12757, l='ServerLevel[world]', x=-1043.03, y=67.00, z=82.26] died: Ruby fell from a high place
[21:25:34] [Server thread/INFO]: [liamsitol: Teleported liamsitol to -2421.500000, 80.500000, 248.500000]
[21:25:54] [Server thread/WARN]: Can't keep up! Is the server overloaded? Running 2022ms or 40 ticks behind
[21:26:01] [Worker-Main-2/WARN]: Tried to access a block entity before it was created. class_2338{x=-2404, y=19, z=129}
[21:26:01] [Server thread/ERROR]: POI data mismatch: already registered at class_2338{x=-2402, y=19, z=127}
[21:26:17] [Server thread/INFO]: [liamsitol: Teleported liamsitol to -1062.500000, 249.500000, 59.500000]
[21:27:28] [Server thread/INFO]: [zxymatthewyxz: Teleported zxymatthewyxz to -134.500000, 79.500000, 1800.500000]
[21:27:30] [Server thread/INFO]: [liamsitol: Teleported liamsitol to -433.500000, 75.500000, 691.500000]
[21:27:48] [Netty Epoll Server IO #3/INFO]: [do_a_barrel_roll] Client of liamsitol accepted server config.
[21:27:54] [Server thread/WARN]: Can't keep up! Is the server overloaded? Running 5937ms or 118 ticks behind
[21:27:56] [Server thread/INFO]: [liamsitol: Teleported liamsitol to 165.500000, 78.500000, 157.500000]
[21:28:03] [Server thread/WARN]: Lithium Class Analysis Error: Class org.betterx.bclib.blocks.BaseLeavesBlock cannot be analysed, because getting declared methods crashes with NoClassDefFoundError: net/minecraft/class_793. This is usually caused by modded entities declaring methods that have a return type or parameter type that is annotated with @Environment(value=EnvType.CLIENT). Loading the type is not possible, because it only exists in the CLIENT environment. The recommended fix is to annotate the method with this argument or return type with the same annotation. Lithium handles this error by assuming the class cannot be included in some optimizations.
[21:28:03] [Server thread/WARN]: Lithium Class Analysis Error: Class org.betterx.bclib.blocks.BaseLeavesBlock cannot be analysed, because getting declared methods crashes with NoClassDefFoundError: net/minecraft/class_793. This is usually caused by modded entities declaring methods that have a return type or parameter type that is annotated with @Environment(value=EnvType.CLIENT). Loading the type is not possible, because it only exists in the CLIENT environment. The recommended fix is to annotate the method with this argument or return type with the same annotation. Lithium handles this error by assuming the class cannot be included in some optimizations.
[21:28:03] [Server thread/WARN]: Lithium Class Analysis Error: Class org.betterx.bclib.blocks.BaseLeavesBlock cannot be analysed, because getting declared methods crashes with NoClassDefFoundError: net/minecraft/class_793. This is usually caused by modded entities declaring methods that have a return type or parameter type that is annotated with @Environment(value=EnvType.CLIENT). Loading the type is not possible, because it only exists in the CLIENT environment. The recommended fix is to annotate the method with this argument or return type with the same annotation. Lithium handles this error by assuming the class cannot be included in some optimizations.
[21:28:03] [Server thread/WARN]: Lithium Class Analysis Error: Class org.betterx.bclib.blocks.BaseLeavesBlock cannot be analysed, because getting declared methods crashes with NoClassDefFoundError: net/minecraft/class_793. This is usually caused by modded entities declaring methods that have a return type or parameter type that is annotated with @Environment(value=EnvType.CLIENT). Loading the type is not possible, because it only exists in the CLIENT environment. The recommended fix is to annotate the method with this argument or return type with the same annotation. Lithium handles this error by assuming the class cannot be included in some optimizations.
[21:28:04] [Server thread/WARN]: Lithium Class Analysis Error: Class org.betterx.bclib.blocks.BaseLeavesBlock cannot be analysed, because getting declared methods crashes with NoClassDefFoundError: net/minecraft/class_793. This is usually caused by modded entities declaring methods that have a return type or parameter type that is annotated with @Environment(value=EnvType.CLIENT). Loading the type is not possible, because it only exists in the CLIENT environment. The recommended fix is to annotate the method with this argument or return type with the same annotation. Lithium handles this error by assuming the class cannot be included in some optimizations.
[21:28:04] [Server thread/WARN]: Lithium Class Analysis Error: Class org.betterx.bclib.blocks.BaseLeavesBlock cannot be analysed, because getting declared methods crashes with NoClassDefFoundError: net/minecraft/class_793. This is usually caused by modded entities declaring methods that have a return type or parameter type that is annotated with @Environment(value=EnvType.CLIENT). Loading the type is not possible, because it only exists in the CLIENT environment. The recommended fix is to annotate the method with this argument or return type with the same annotation. Lithium handles this error by assuming the class cannot be included in some optimizations.
[21:28:04] [Server thread/WARN]: Lithium Class Analysis Error: Class org.betterx.bclib.blocks.BaseLeavesBlock cannot be analysed, because getting declared methods crashes with NoClassDefFoundError: net/minecraft/class_793. This is usually caused by modded entities declaring methods that have a return type or parameter type that is annotated with @Environment(value=EnvType.CLIENT). Loading the type is not possible, because it only exists in the CLIENT environment. The recommended fix is to annotate the method with this argument or return type with the same annotation. Lithium handles this error by assuming the class cannot be included in some optimizations.
[21:28:04] [Server thread/WARN]: Lithium Class Analysis Error: Class org.betterx.bclib.blocks.BaseLeavesBlock cannot be analysed, because getting declared methods crashes with NoClassDefFoundError: net/minecraft/class_793. This is usually caused by modded entities declaring methods that have a return type or parameter type that is annotated with @Environment(value=EnvType.CLIENT). Loading the type is not possible, because it only exists in the CLIENT environment. The recommended fix is to annotate the method with this argument or return type with the same annotation. Lithium handles this error by assuming the class cannot be included in some optimizations.
[21:28:13] [Server thread/INFO]: liamsitol has made the advancement [Who is Cutting Onions?]
[21:28:21] [Server thread/INFO]: [liamsitol: Teleported liamsitol to Pilin]
[21:28:21] [Netty Epoll Server IO #3/INFO]: [do_a_barrel_roll] Client of liamsitol accepted server config.
[21:28:25] [Server thread/INFO]: [Pilin: Teleported Pilin to -941.500000, -39.500000, 478.500000]
[21:28:32] [Server thread/WARN]: Can't keep up! Is the server overloaded? Running 2017ms or 40 ticks behind
[21:28:44] [Server thread/INFO]: [STDOUT]: Finalizing fluid item registration
[21:30:32] [Server thread/INFO]: [Pilin: Teleported Pilin to liamsitol]
[21:30:51] [Server thread/INFO]: [zxymatthewyxz: Teleported zxymatthewyxz to Pilin]
[21:31:42] [Server thread/INFO]: [zxymatthewyxz: Teleported zxymatthewyxz to -134.500000, 79.500000, 1800.500000]
[21:32:10] [Server thread/INFO]: [Pilin: Teleported Pilin to zxymatthewyxz]
[21:32:33] [Server thread/INFO]: liamsitol has made the advancement [Blast Protection Not Included]
[21:36:38] [Server thread/WARN]: Can't keep up! Is the server overloaded? Running 2112ms or 42 ticks behind
[21:36:56] [Server thread/WARN]: Can't keep up! Is the server overloaded? Running 3022ms or 60 ticks behind
[21:38:25] [Server thread/INFO]: [STDERR]: Spell Engine: Trying to perform spell wizards:arcane_blast Entity not found: 24320
[21:38:54] [Server thread/INFO]: [Pilin: Teleported Pilin to -639.500000, 111.500000, 550.500000]
[21:39:08] [Server thread/INFO]: [Pilin: Teleported Pilin to -124.500000, 80.500000, 1794.500000]
[21:39:55] [Server thread/INFO]: [STDERR]: Spell Engine: Trying to perform spell wizards:arcane_beam Entity not found: 25218
[21:40:24] [Server thread/INFO]: Pilin has made the advancement [The Brass Age]
[21:40:46] [Server thread/INFO]: [STDERR]: Spell Engine: Trying to perform spell wizards:arcane_blast Entity not found: 26025
[21:42:00] [Server thread/INFO]: [STDERR]: Spell Engine: Trying to perform spell wizards:arcane_beam Entity not found: 26694
[21:42:04] [Server thread/INFO]: [STDERR]: Spell Engine: Trying to perform spell wizards:arcane_blast Entity not found: 26693
[21:43:20] [Server thread/INFO]: [Pilin: Teleported Pilin to -639.500000, 111.500000, 550.500000]
[21:43:30] [Server thread/INFO]: [Pilin: Teleported Pilin to -124.500000, 80.500000, 1794.500000]
[21:44:25] [Server thread/INFO]: [liamsitol: Teleported liamsitol to -1062.500000, 249.500000, 59.500000]
[21:45:55] [Server thread/INFO]: [Pilin: Teleported Pilin to -639.500000, 111.500000, 550.500000]
[21:46:02] [Server thread/INFO]: [Pilin: Teleported Pilin to -124.500000, 80.500000, 1794.500000]
[21:49:06] [Server thread/WARN]: Can't keep up! Is the server overloaded? Running 2005ms or 40 ticks behind
[21:49:27] [Server thread/WARN]: Can't keep up! Is the server overloaded? Running 6107ms or 122 ticks behind
[21:50:04] [Server thread/INFO]: [liamsitol: Teleported liamsitol to -620.500000, 110.500000, 542.500000]
[21:50:39] [Server thread/INFO]: [liamsitol: Teleported liamsitol to -795.500000, 84.500000, 940.500000]
[21:51:42] [Server thread/INFO]: [zxymatthewyxz: Teleported zxymatthewyxz to -77.500000, 55.500000, 1703.500000]
[21:51:53] [Server thread/INFO]: [liamsitol: Teleported liamsitol to -1259.500000, 64.500000, 962.500000]
[21:52:57] [Server thread/INFO]: [zxymatthewyxz: Teleported zxymatthewyxz to -77.500000, 55.500000, 1703.500000]
[21:53:47] [Server thread/INFO]: [zxymatthewyxz: Teleported zxymatthewyxz to -134.500000, 79.500000, 1800.500000]
[21:54:23] [Server thread/WARN]: Can't keep up! Is the server overloaded? Running 2072ms or 41 ticks behind
[21:54:36] [Server thread/INFO]: [liamsitol: Teleported liamsitol to -1361.500000, 72.500000, 1304.500000]
[21:54:42] [Server thread/WARN]: Can't keep up! Is the server overloaded? Running 4637ms or 92 ticks behind
[21:54:46] [Server thread/INFO]: liamsitol has made the advancement [Blossoming Discoveries]
[21:56:49] [Server thread/WARN]: Can't keep up! Is the server overloaded? Running 2045ms or 40 ticks behind
[21:56:56] [Server thread/INFO]: [STDERR]: Spell Engine: Trying to perform spell wizards:arcane_beam Entity not found: 38305
[21:57:35] [Server thread/INFO]: [Pilin: Teleported Pilin to -431.500000, 73.500000, 695.500000]
[21:57:37] [Server thread/INFO]: [Pilin: Teleported Pilin to -639.500000, 111.500000, 550.500000]
[21:58:01] [Server thread/INFO]: [Pilin: Teleported Pilin to -124.500000, 80.500000, 1794.500000]
[21:58:22] [Server thread/INFO]: [liamsitol: Teleported liamsitol to -620.500000, 110.500000, 542.500000]
[21:59:13] [Server thread/WARN]: Can't keep up! Is the server overloaded? Running 2024ms or 40 ticks behind
[22:00:23] [Server thread/WARN]: Lithium Class Analysis Error: Class com.simibubi.create.content.kinetics.waterwheel.WaterWheelStructuralBlock cannot be analysed, because getting declared methods crashes with NoClassDefFoundError: net/minecraft/class_638. This is usually caused by modded entities declaring methods that have a return type or parameter type that is annotated with @Environment(value=EnvType.CLIENT). Loading the type is not possible, because it only exists in the CLIENT environment. The recommended fix is to annotate the method with this argument or return type with the same annotation. Lithium handles this error by assuming the class cannot be included in some optimizations.
[22:00:23] [Server thread/WARN]: Lithium Class Analysis Error: Class com.simibubi.create.content.kinetics.waterwheel.WaterWheelStructuralBlock cannot be analysed, because getting declared methods crashes with NoClassDefFoundError: net/minecraft/class_638. This is usually caused by modded entities declaring methods that have a return type or parameter type that is annotated with @Environment(value=EnvType.CLIENT). Loading the type is not possible, because it only exists in the CLIENT environment. The recommended fix is to annotate the method with this argument or return type with the same annotation. Lithium handles this error by assuming the class cannot be included in some optimizations.
[22:00:23] [Server thread/WARN]: Lithium Class Analysis Error: Class com.simibubi.create.content.kinetics.waterwheel.WaterWheelStructuralBlock cannot be analysed, because getting declared methods crashes with NoClassDefFoundError: net/minecraft/class_638. This is usually caused by modded entities declaring methods that have a return type or parameter type that is annotated with @Environment(value=EnvType.CLIENT). Loading the type is not possible, because it only exists in the CLIENT environment. The recommended fix is to annotate the method with this argument or return type with the same annotation. Lithium handles this error by assuming the class cannot be included in some optimizations.
[22:00:23] [Server thread/WARN]: Lithium Class Analysis Error: Class com.simibubi.create.content.kinetics.waterwheel.WaterWheelStructuralBlock cannot be analysed, because getting declared methods crashes with NoClassDefFoundError: net/minecraft/class_638. This is usually caused by modded entities declaring methods that have a return type or parameter type that is annotated with @Environment(value=EnvType.CLIENT). Loading the type is not possible, because it only exists in the CLIENT environment. The recommended fix is to annotate the method with this argument or return type with the same annotation. Lithium handles this error by assuming the class cannot be included in some optimizations.
[22:01:13] [Server thread/WARN]: Lithium Class Analysis Error: Class com.simibubi.create.content.kinetics.waterwheel.WaterWheelStructuralBlock cannot be analysed, because getting declared methods crashes with NoClassDefFoundError: net/minecraft/class_638. This is usually caused by modded entities declaring methods that have a return type or parameter type that is annotated with @Environment(value=EnvType.CLIENT). Loading the type is not possible, because it only exists in the CLIENT environment. The recommended fix is to annotate the method with this argument or return type with the same annotation. Lithium handles this error by assuming the class cannot be included in some optimizations.
[22:01:13] [Server thread/WARN]: Lithium Class Analysis Error: Class com.simibubi.create.content.kinetics.waterwheel.WaterWheelStructuralBlock cannot be analysed, because getting declared methods crashes with NoClassDefFoundError: net/minecraft/class_638. This is usually caused by modded entities declaring methods that have a return type or parameter type that is annotated with @Environment(value=EnvType.CLIENT). Loading the type is not possible, because it only exists in the CLIENT environment. The recommended fix is to annotate the method with this argument or return type with the same annotation. Lithium handles this error by assuming the class cannot be included in some optimizations.
[22:01:16] [Server thread/WARN]: Can't keep up! Is the server overloaded? Running 2073ms or 41 ticks behind
[22:01:36] [Server thread/WARN]: Can't keep up! Is the server overloaded? Running 5166ms or 103 ticks behind
[22:01:49] [Server thread/INFO]: [liamsitol: Teleported liamsitol to -1249.500000, 72.500000, 1004.500000]
[22:01:57] [Server thread/WARN]: Can't keep up! Is the server overloaded? Running 5695ms or 113 ticks behind
[22:02:01] [Server thread/INFO]: [liamsitol: Teleported liamsitol to -1333.500000, 69.500000, 1269.500000]
[22:02:06] [Server thread/INFO]: [zxymatthewyxz: Teleported zxymatthewyxz to -638.500000, 111.500000, 535.500000]
[22:02:20] [Server thread/WARN]: Can't keep up! Is the server overloaded? Running 8496ms or 169 ticks behind
[22:02:28] [Server thread/INFO]: [zxymatthewyxz: Teleported zxymatthewyxz to -134.500000, 79.500000, 1800.500000]
[22:02:39] [Server thread/WARN]: Can't keep up! Is the server overloaded? Running 3208ms or 64 ticks behind
[22:03:16] [Server thread/INFO]: Pilin has reached the goal [Desperate Measures]
[22:03:36] [Server thread/INFO]: [STDERR]: Spell Engine: Trying to perform spell wizards:arcane_blast Entity not found: 42368
[22:04:05] [Server thread/INFO]: [liamsitol: Teleported liamsitol to 2143.500000, 72.500000, -2474.500000]
[22:04:21] [Server thread/ERROR]: POI data mismatch: already registered at class_2338{x=2067, y=-42, z=-2286}
[22:04:35] [Server thread/INFO]: [STDERR]: Spell Engine: Trying to perform spell wizards:arcane_beam Entity not found: 43017
[22:04:42] [Server thread/INFO]: [STDERR]: Spell Engine: Trying to perform spell wizards:arcane_blast Entity not found: 43016
[22:04:54] [Server thread/INFO]: [liamsitol: Teleported liamsitol to -620.500000, 110.500000, 542.500000]
[22:08:30] [Server thread/INFO]: [liamsitol: Teleported liamsitol to -1445.500000, 68.500000, 1008.500000]
[22:08:35] [Server thread/INFO]: [Pilin: Teleported Pilin to -639.500000, 111.500000, 550.500000]
[22:08:36] [Netty Epoll Server IO #3/INFO]: [do_a_barrel_roll] Client of liamsitol accepted server config.
[22:08:38] [Server thread/WARN]: Can't keep up! Is the server overloaded? Running 2047ms or 40 ticks behind
[22:08:46] [Server thread/INFO]: [Pilin: Teleported Pilin to -124.500000, 80.500000, 1794.500000]
[22:09:05] [Netty Epoll Server IO #3/INFO]: [do_a_barrel_roll] Client of liamsitol accepted server config.
[22:09:18] [Server thread/INFO]: [liamsitol: Teleported liamsitol to -969.500000, 85.500000, 1598.500000]
[22:09:26] [Netty Epoll Server IO #3/INFO]: [do_a_barrel_roll] Client of liamsitol accepted server config.
[22:10:09] [Server thread/WARN]: Can't keep up! Is the server overloaded? Running 2049ms or 40 ticks behind
[22:12:54] [Server thread/INFO]: [zxymatthewyxz: Teleported zxymatthewyxz to -638.500000, 111.500000, 535.500000]
[22:13:27] [Server thread/INFO]: [zxymatthewyxz: Teleported zxymatthewyxz to -134.500000, 79.500000, 1800.500000]
[22:14:16] [Server thread/WARN]: Can't keep up! Is the server overloaded? Running 2024ms or 40 ticks behind
[22:14:53] [Server thread/WARN]: Can't keep up! Is the server overloaded? Running 2027ms or 40 ticks behind
[22:15:09] [Server thread/INFO]: Pilin has made the advancement [A Pair of Giants]
[22:15:11] [Server thread/WARN]: Can't keep up! Is the server overloaded? Running 2714ms or 54 ticks behind
[22:19:21] [Server thread/INFO]: zxymatthewyxz was slain by Phantom
[22:19:21] [Server thread/INFO]: Created new backpack backup file for zxymatthewyxz with unique ID travelersbackpack.diamond_02.04.2026-22.19.21.dat
[22:19:23] [Netty Epoll Server IO #1/INFO]: [do_a_barrel_roll] Client of zxymatthewyxz accepted server config.
[22:19:33] [Server thread/INFO]: zxymatthewyxz claimed a grave belonging to zxymatthewyxz at -109, 71, 1823, minecraft:overworld
[22:25:51] [Netty Epoll Server IO #3/INFO]: [do_a_barrel_roll] Client of liamsitol accepted server config.
[22:25:59] [Server thread/WARN]: Can't keep up! Is the server overloaded? Running 8401ms or 168 ticks behind
[22:27:10] [Server thread/WARN]: Can't keep up! Is the server overloaded? Running 2016ms or 40 ticks behind
[22:27:28] [Server thread/WARN]: Can't keep up! Is the server overloaded? Running 2007ms or 40 ticks behind
[22:27:49] [Server thread/WARN]: Can't keep up! Is the server overloaded? Running 6331ms or 126 ticks behind
[22:28:11] [Server thread/WARN]: Can't keep up! Is the server overloaded? Running 6896ms or 137 ticks behind
[22:28:47] [Server thread/WARN]: Can't keep up! Is the server overloaded? Running 2003ms or 40 ticks behind
[22:28:51] [Server thread/INFO]: [Pilin: Teleported Pilin to zxymatthewyxz]
[22:29:40] [Server thread/INFO]: [zxymatthewyxz: Teleported zxymatthewyxz to -77.500000, 55.500000, 1703.500000]
[22:30:25] [Server thread/INFO]: [Pilin: Teleported Pilin to -639.500000, 111.500000, 550.500000]
[22:31:21] [Server thread/INFO]: [liamsitol: Teleported liamsitol to -480.500000, 67.500000, 2465.500000]
[22:31:27] [Server thread/INFO]: [zxymatthewyxz: Teleported zxymatthewyxz to -134.500000, 79.500000, 1800.500000]
[22:31:43] [Worker-Main-3/WARN]: Integrated API: Empty or nonexistent pool: integrated_villages:cabin_village/deco/farm2_bottom which is being called from not a SinglePoolElement class
[22:31:43] [Worker-Main-3/WARN]: Integrated API: Empty or nonexistent pool: integrated_villages:cabin_village/deco/farm3_bottom which is being called from not a SinglePoolElement class
[22:31:43] [Worker-Main-3/WARN]: Integrated API: Empty or nonexistent pool: integrated_villages:cabin_village/deco/farm1_bottom which is being called from not a SinglePoolElement class
[22:32:56] [Server thread/INFO]: [liamsitol: Teleported liamsitol to -620.500000, 110.500000, 542.500000]
[22:36:08] [Server thread/INFO]: [Pilin: Teleported Pilin to -2181.500000, -9.500000, -744.500000]
[22:36:10] [Server thread/WARN]: Lithium Class Analysis Error: Class org.betterx.bclib.blocks.BaseOreBlock cannot be analysed, because getting declared methods crashes with NoClassDefFoundError: net/minecraft/class_793. This is usually caused by modded entities declaring methods that have a return type or parameter type that is annotated with @Environment(value=EnvType.CLIENT). Loading the type is not possible, because it only exists in the CLIENT environment. The recommended fix is to annotate the method with this argument or return type with the same annotation. Lithium handles this error by assuming the class cannot be included in some optimizations.
[22:36:10] [Server thread/WARN]: Lithium Class Analysis Error: Class org.betterx.bclib.blocks.BaseOreBlock cannot be analysed, because getting declared methods crashes with NoClassDefFoundError: net/minecraft/class_793. This is usually caused by modded entities declaring methods that have a return type or parameter type that is annotated with @Environment(value=EnvType.CLIENT). Loading the type is not possible, because it only exists in the CLIENT environment. The recommended fix is to annotate the method with this argument or return type with the same annotation. Lithium handles this error by assuming the class cannot be included in some optimizations.
[22:36:10] [Server thread/WARN]: Lithium Class Analysis Error: Class org.betterx.bclib.blocks.BaseBlock cannot be analysed, because getting declared methods crashes with NoClassDefFoundError: net/minecraft/class_793. This is usually caused by modded entities declaring methods that have a return type or parameter type that is annotated with @Environment(value=EnvType.CLIENT). Loading the type is not possible, because it only exists in the CLIENT environment. The recommended fix is to annotate the method with this argument or return type with the same annotation. Lithium handles this error by assuming the class cannot be included in some optimizations.
[22:36:10] [Server thread/WARN]: Lithium Class Analysis Error: Class org.betterx.bclib.blocks.BaseBlock cannot be analysed, because getting declared methods crashes with NoClassDefFoundError: net/minecraft/class_793. This is usually caused by modded entities declaring methods that have a return type or parameter type that is annotated with @Environment(value=EnvType.CLIENT). Loading the type is not possible, because it only exists in the CLIENT environment. The recommended fix is to annotate the method with this argument or return type with the same annotation. Lithium handles this error by assuming the class cannot be included in some optimizations.
[22:36:10] [Server thread/WARN]: Lithium Class Analysis Error: Class org.betterx.bclib.blocks.BaseBlock cannot be analysed, because getting declared methods crashes with NoClassDefFoundError: net/minecraft/class_793. This is usually caused by modded entities declaring methods that have a return type or parameter type that is annotated with @Environment(value=EnvType.CLIENT). Loading the type is not possible, because it only exists in the CLIENT environment. The recommended fix is to annotate the method with this argument or return type with the same annotation. Lithium handles this error by assuming the class cannot be included in some optimizations.
[22:36:10] [Server thread/WARN]: Lithium Class Analysis Error: Class org.betterx.bclib.blocks.BaseBlock cannot be analysed, because getting declared methods crashes with NoClassDefFoundError: net/minecraft/class_793. This is usually caused by modded entities declaring methods that have a return type or parameter type that is annotated with @Environment(value=EnvType.CLIENT). Loading the type is not possible, because it only exists in the CLIENT environment. The recommended fix is to annotate the method with this argument or return type with the same annotation. Lithium handles this error by assuming the class cannot be included in some optimizations.
[22:36:10] [Server thread/WARN]: Lithium Class Analysis Error: Class org.betterx.bclib.blocks.BaseBlock cannot be analysed, because getting declared methods crashes with NoClassDefFoundError: net/minecraft/class_793. This is usually caused by modded entities declaring methods that have a return type or parameter type that is annotated with @Environment(value=EnvType.CLIENT). Loading the type is not possible, because it only exists in the CLIENT environment. The recommended fix is to annotate the method with this argument or return type with the same annotation. Lithium handles this error by assuming the class cannot be included in some optimizations.
[22:36:10] [Server thread/WARN]: Lithium Class Analysis Error: Class org.betterx.bclib.blocks.BaseBlock cannot be analysed, because getting declared methods crashes with NoClassDefFoundError: net/minecraft/class_793. This is usually caused by modded entities declaring methods that have a return type or parameter type that is annotated with @Environment(value=EnvType.CLIENT). Loading the type is not possible, because it only exists in the CLIENT environment. The recommended fix is to annotate the method with this argument or return type with the same annotation. Lithium handles this error by assuming the class cannot be included in some optimizations.
[22:36:10] [Server thread/WARN]: Lithium Class Analysis Error: Class org.betterx.bclib.blocks.BaseBlock cannot be analysed, because getting declared methods crashes with NoClassDefFoundError: net/minecraft/class_793. This is usually caused by modded entities declaring methods that have a return type or parameter type that is annotated with @Environment(value=EnvType.CLIENT). Loading the type is not possible, because it only exists in the CLIENT environment. The recommended fix is to annotate the method with this argument or return type with the same annotation. Lithium handles this error by assuming the class cannot be included in some optimizations.
[22:36:10] [Server thread/WARN]: Lithium Class Analysis Error: Class org.betterx.bclib.blocks.BaseBlock cannot be analysed, because getting declared methods crashes with NoClassDefFoundError: net/minecraft/class_793. This is usually caused by modded entities declaring methods that have a return type or parameter type that is annotated with @Environment(value=EnvType.CLIENT). Loading the type is not possible, because it only exists in the CLIENT environment. The recommended fix is to annotate the method with this argument or return type with the same annotation. Lithium handles this error by assuming the class cannot be included in some optimizations.
[22:36:10] [Server thread/WARN]: Lithium Class Analysis Error: Class org.betterx.bclib.blocks.BaseBlock cannot be analysed, because getting declared methods crashes with NoClassDefFoundError: net/minecraft/class_793. This is usually caused by modded entities declaring methods that have a return type or parameter type that is annotated with @Environment(value=EnvType.CLIENT). Loading the type is not possible, because it only exists in the CLIENT environment. The recommended fix is to annotate the method with this argument or return type with the same annotation. Lithium handles this error by assuming the class cannot be included in some optimizations.
[22:36:10] [Server thread/WARN]: Lithium Class Analysis Error: Class org.betterx.bclib.blocks.BaseBlock cannot be analysed, because getting declared methods crashes with NoClassDefFoundError: net/minecraft/class_793. This is usually caused by modded entities declaring methods that have a return type or parameter type that is annotated with @Environment(value=EnvType.CLIENT). Loading the type is not possible, because it only exists in the CLIENT environment. The recommended fix is to annotate the method with this argument or return type with the same annotation. Lithium handles this error by assuming the class cannot be included in some optimizations.
[22:36:10] [Server thread/WARN]: Lithium Class Analysis Error: Class org.betterx.bclib.blocks.BaseBlock cannot be analysed, because getting declared methods crashes with NoClassDefFoundError: net/minecraft/class_793. This is usually caused by modded entities declaring methods that have a return type or parameter type that is annotated with @Environment(value=EnvType.CLIENT). Loading the type is not possible, because it only exists in the CLIENT environment. The recommended fix is to annotate the method with this argument or return type with the same annotation. Lithium handles this error by assuming the class cannot be included in some optimizations.
[22:36:10] [Server thread/WARN]: Lithium Class Analysis Error: Class org.betterx.bclib.blocks.BaseBlock cannot be analysed, because getting declared methods crashes with NoClassDefFoundError: net/minecraft/class_793. This is usually caused by modded entities declaring methods that have a return type or parameter type that is annotated with @Environment(value=EnvType.CLIENT). Loading the type is not possible, because it only exists in the CLIENT environment. The recommended fix is to annotate the method with this argument or return type with the same annotation. Lithium handles this error by assuming the class cannot be included in some optimizations.
[22:36:10] [Server thread/WARN]: Lithium Class Analysis Error: Class org.betterx.bclib.blocks.BaseBlock cannot be analysed, because getting declared methods crashes with NoClassDefFoundError: net/minecraft/class_793. This is usually caused by modded entities declaring methods that have a return type or parameter type that is annotated with @Environment(value=EnvType.CLIENT). Loading the type is not possible, because it only exists in the CLIENT environment. The recommended fix is to annotate the method with this argument or return type with the same annotation. Lithium handles this error by assuming the class cannot be included in some optimizations.
[22:36:10] [Server thread/WARN]: Lithium Class Analysis Error: Class org.betterx.bclib.blocks.BaseBlock cannot be analysed, because getting declared methods crashes with NoClassDefFoundError: net/minecraft/class_793. This is usually caused by modded entities declaring methods that have a return type or parameter type that is annotated with @Environment(value=EnvType.CLIENT). Loading the type is not possible, because it only exists in the CLIENT environment. The recommended fix is to annotate the method with this argument or return type with the same annotation. Lithium handles this error by assuming the class cannot be included in some optimizations.
[22:36:10] [Server thread/WARN]: Lithium Class Analysis Error: Class org.betterx.bclib.blocks.BaseBlock cannot be analysed, because getting declared methods crashes with NoClassDefFoundError: net/minecraft/class_793. This is usually caused by modded entities declaring methods that have a return type or parameter type that is annotated with @Environment(value=EnvType.CLIENT). Loading the type is not possible, because it only exists in the CLIENT environment. The recommended fix is to annotate the method with this argument or return type with the same annotation. Lithium handles this error by assuming the class cannot be included in some optimizations.
[22:36:10] [Server thread/WARN]: Lithium Class Analysis Error: Class org.betterx.bclib.blocks.BaseBlock cannot be analysed, because getting declared methods crashes with NoClassDefFoundError: net/minecraft/class_793. This is usually caused by modded entities declaring methods that have a return type or parameter type that is annotated with @Environment(value=EnvType.CLIENT). Loading the type is not possible, because it only exists in the CLIENT environment. The recommended fix is to annotate the method with this argument or return type with the same annotation. Lithium handles this error by assuming the class cannot be included in some optimizations.
[22:36:10] [Server thread/WARN]: Lithium Class Analysis Error: Class org.betterx.bclib.blocks.BaseBlock cannot be analysed, because getting declared methods crashes with NoClassDefFoundError: net/minecraft/class_793. This is usually caused by modded entities declaring methods that have a return type or parameter type that is annotated with @Environment(value=EnvType.CLIENT). Loading the type is not possible, because it only exists in the CLIENT environment. The recommended fix is to annotate the method with this argument or return type with the same annotation. Lithium handles this error by assuming the class cannot be included in some optimizations.
[22:36:10] [Server thread/WARN]: Lithium Class Analysis Error: Class org.betterx.bclib.blocks.BaseBlock cannot be analysed, because getting declared methods crashes with NoClassDefFoundError: net/minecraft/class_793. This is usually caused by modded entities declaring methods that have a return type or parameter type that is annotated with @Environment(value=EnvType.CLIENT). Loading the type is not possible, because it only exists in the CLIENT environment. The recommended fix is to annotate the method with this argument or return type with the same annotation. Lithium handles this error by assuming the class cannot be included in some optimizations.
[22:36:10] [Server thread/WARN]: Lithium Class Analysis Error: Class org.betterx.bclib.blocks.BaseBlock cannot be analysed, because getting declared methods crashes with NoClassDefFoundError: net/minecraft/class_793. This is usually caused by modded entities declaring methods that have a return type or parameter type that is annotated with @Environment(value=EnvType.CLIENT). Loading the type is not possible, because it only exists in the CLIENT environment. The recommended fix is to annotate the method with this argument or return type with the same annotation. Lithium handles this error by assuming the class cannot be included in some optimizations.
[22:36:10] [Server thread/WARN]: Lithium Class Analysis Error: Class org.betterx.bclib.blocks.BaseBlock cannot be analysed, because getting declared methods crashes with NoClassDefFoundError: net/minecraft/class_793. This is usually caused by modded entities declaring methods that have a return type or parameter type that is annotated with @Environment(value=EnvType.CLIENT). Loading the type is not possible, because it only exists in the CLIENT environment. The recommended fix is to annotate the method with this argument or return type with the same annotation. Lithium handles this error by assuming the class cannot be included in some optimizations.
[22:36:10] [Server thread/WARN]: Lithium Class Analysis Error: Class org.betterx.bclib.blocks.BaseBlock cannot be analysed, because getting declared methods crashes with NoClassDefFoundError: net/minecraft/class_793. This is usually caused by modded entities declaring methods that have a return type or parameter type that is annotated with @Environment(value=EnvType.CLIENT). Loading the type is not possible, because it only exists in the CLIENT environment. The recommended fix is to annotate the method with this argument or return type with the same annotation. Lithium handles this error by assuming the class cannot be included in some optimizations.
[22:36:10] [Server thread/WARN]: Lithium Class Analysis Error: Class org.betterx.bclib.blocks.BaseBlock cannot be analysed, because getting declared methods crashes with NoClassDefFoundError: net/minecraft/class_793. This is usually caused by modded entities declaring methods that have a return type or parameter type that is annotated with @Environment(value=EnvType.CLIENT). Loading the type is not possible, because it only exists in the CLIENT environment. The recommended fix is to annotate the method with this argument or return type with the same annotation. Lithium handles this error by assuming the class cannot be included in some optimizations.
[22:36:10] [Server thread/WARN]: Lithium Class Analysis Error: Class org.betterx.bclib.blocks.BaseBlock cannot be analysed, because getting declared methods crashes with NoClassDefFoundError: net/minecraft/class_793. This is usually caused by modded entities declaring methods that have a return type or parameter type that is annotated with @Environment(value=EnvType.CLIENT). Loading the type is not possible, because it only exists in the CLIENT environment. The recommended fix is to annotate the method with this argument or return type with the same annotation. Lithium handles this error by assuming the class cannot be included in some optimizations.
[22:36:10] [Server thread/WARN]: Lithium Class Analysis Error: Class org.betterx.bclib.blocks.BaseBlock cannot be analysed, because getting declared methods crashes with NoClassDefFoundError: net/minecraft/class_793. This is usually caused by modded entities declaring methods that have a return type or parameter type that is annotated with @Environment(value=EnvType.CLIENT). Loading the type is not possible, because it only exists in the CLIENT environment. The recommended fix is to annotate the method with this argument or return type with the same annotation. Lithium handles this error by assuming the class cannot be included in some optimizations.
[22:36:10] [Server thread/WARN]: Lithium Class Analysis Error: Class org.betterx.bclib.blocks.BaseBlock cannot be analysed, because getting declared methods crashes with NoClassDefFoundError: net/minecraft/class_793. This is usually caused by modded entities declaring methods that have a return type or parameter type that is annotated with @Environment(value=EnvType.CLIENT). Loading the type is not possible, because it only exists in the CLIENT environment. The recommended fix is to annotate the method with this argument or return type with the same annotation. Lithium handles this error by assuming the class cannot be included in some optimizations.
[22:36:10] [Server thread/WARN]: Lithium Class Analysis Error: Class org.betterx.bclib.blocks.BaseBlock cannot be analysed, because getting declared methods crashes with NoClassDefFoundError: net/minecraft/class_793. This is usually caused by modded entities declaring methods that have a return type or parameter type that is annotated with @Environment(value=EnvType.CLIENT). Loading the type is not possible, because it only exists in the CLIENT environment. The recommended fix is to annotate the method with this argument or return type with the same annotation. Lithium handles this error by assuming the class cannot be included in some optimizations.
[22:36:10] [Server thread/WARN]: Lithium Class Analysis Error: Class org.betterx.bclib.blocks.BaseBlock cannot be analysed, because getting declared methods crashes with NoClassDefFoundError: net/minecraft/class_793. This is usually caused by modded entities declaring methods that have a return type or parameter type that is annotated with @Environment(value=EnvType.CLIENT). Loading the type is not possible, because it only exists in the CLIENT environment. The recommended fix is to annotate the method with this argument or return type with the same annotation. Lithium handles this error by assuming the class cannot be included in some optimizations.
[22:36:10] [Server thread/WARN]: Lithium Class Analysis Error: Class org.betterx.bclib.blocks.BaseBlock cannot be analysed, because getting declared methods crashes with NoClassDefFoundError: net/minecraft/class_793. This is usually caused by modded entities declaring methods that have a return type or parameter type that is annotated with @Environment(value=EnvType.CLIENT). Loading the type is not possible, because it only exists in the CLIENT environment. The recommended fix is to annotate the method with this argument or return type with the same annotation. Lithium handles this error by assuming the class cannot be included in some optimizations.
[22:36:10] [Server thread/WARN]: Lithium Class Analysis Error: Class org.betterx.bclib.blocks.BaseBlock cannot be analysed, because getting declared methods crashes with NoClassDefFoundError: net/minecraft/class_793. This is usually caused by modded entities declaring methods that have a return type or parameter type that is annotated with @Environment(value=EnvType.CLIENT). Loading the type is not possible, because it only exists in the CLIENT environment. The recommended fix is to annotate the method with this argument or return type with the same annotation. Lithium handles this error by assuming the class cannot be included in some optimizations.
[22:36:10] [Server thread/WARN]: Lithium Class Analysis Error: Class org.betterx.bclib.blocks.BaseBlock cannot be analysed, because getting declared methods crashes with NoClassDefFoundError: net/minecraft/class_793. This is usually caused by modded entities declaring methods that have a return type or parameter type that is annotated with @Environment(value=EnvType.CLIENT). Loading the type is not possible, because it only exists in the CLIENT environment. The recommended fix is to annotate the method with this argument or return type with the same annotation. Lithium handles this error by assuming the class cannot be included in some optimizations.
[22:36:10] [Server thread/WARN]: Lithium Class Analysis Error: Class org.betterx.bclib.blocks.BaseBlock cannot be analysed, because getting declared methods crashes with NoClassDefFoundError: net/minecraft/class_793. This is usually caused by modded entities declaring methods that have a return type or parameter type that is annotated with @Environment(value=EnvType.CLIENT). Loading the type is not possible, because it only exists in the CLIENT environment. The recommended fix is to annotate the method with this argument or return type with the same annotation. Lithium handles this error by assuming the class cannot be included in some optimizations.
[22:36:10] [Server thread/WARN]: Lithium Class Analysis Error: Class org.betterx.bclib.blocks.BaseBlock cannot be analysed, because getting declared methods crashes with NoClassDefFoundError: net/minecraft/class_793. This is usually caused by modded entities declaring methods that have a return type or parameter type that is annotated with @Environment(value=EnvType.CLIENT). Loading the type is not possible, because it only exists in the CLIENT environment. The recommended fix is to annotate the method with this argument or return type with the same annotation. Lithium handles this error by assuming the class cannot be included in some optimizations.
[22:36:10] [Server thread/WARN]: Lithium Class Analysis Error: Class org.betterx.bclib.blocks.BaseBlock cannot be analysed, because getting declared methods crashes with NoClassDefFoundError: net/minecraft/class_793. This is usually caused by modded entities declaring methods that have a return type or parameter type that is annotated with @Environment(value=EnvType.CLIENT). Loading the type is not possible, because it only exists in the CLIENT environment. The recommended fix is to annotate the method with this argument or return type with the same annotation. Lithium handles this error by assuming the class cannot be included in some optimizations.
[22:36:10] [Server thread/WARN]: Lithium Class Analysis Error: Class org.betterx.bclib.blocks.BaseBlock cannot be analysed, because getting declared methods crashes with NoClassDefFoundError: net/minecraft/class_793. This is usually caused by modded entities declaring methods that have a return type or parameter type that is annotated with @Environment(value=EnvType.CLIENT). Loading the type is not possible, because it only exists in the CLIENT environment. The recommended fix is to annotate the method with this argument or return type with the same annotation. Lithium handles this error by assuming the class cannot be included in some optimizations.
[22:36:10] [Server thread/WARN]: Lithium Class Analysis Error: Class org.betterx.bclib.blocks.BaseBlock cannot be analysed, because getting declared methods crashes with NoClassDefFoundError: net/minecraft/class_793. This is usually caused by modded entities declaring methods that have a return type or parameter type that is annotated with @Environment(value=EnvType.CLIENT). Loading the type is not possible, because it only exists in the CLIENT environment. The recommended fix is to annotate the method with this argument or return type with the same annotation. Lithium handles this error by assuming the class cannot be included in some optimizations.
[22:36:10] [Server thread/WARN]: Lithium Class Analysis Error: Class org.betterx.bclib.blocks.BaseBlock cannot be analysed, because getting declared methods crashes with NoClassDefFoundError: net/minecraft/class_793. This is usually caused by modded entities declaring methods that have a return type or parameter type that is annotated with @Environment(value=EnvType.CLIENT). Loading the type is not possible, because it only exists in the CLIENT environment. The recommended fix is to annotate the method with this argument or return type with the same annotation. Lithium handles this error by assuming the class cannot be included in some optimizations.
[22:36:10] [Server thread/WARN]: Lithium Class Analysis Error: Class org.betterx.bclib.blocks.BaseBlock cannot be analysed, because getting declared methods crashes with NoClassDefFoundError: net/minecraft/class_793. This is usually caused by modded entities declaring methods that have a return type or parameter type that is annotated with @Environment(value=EnvType.CLIENT). Loading the type is not possible, because it only exists in the CLIENT environment. The recommended fix is to annotate the method with this argument or return type with the same annotation. Lithium handles this error by assuming the class cannot be included in some optimizations.
[22:36:10] [Server thread/WARN]: Lithium Class Analysis Error: Class org.betterx.bclib.blocks.BaseBlock cannot be analysed, because getting declared methods crashes with NoClassDefFoundError: net/minecraft/class_793. This is usually caused by modded entities declaring methods that have a return type or parameter type that is annotated with @Environment(value=EnvType.CLIENT). Loading the type is not possible, because it only exists in the CLIENT environment. The recommended fix is to annotate the method with this argument or return type with the same annotation. Lithium handles this error by assuming the class cannot be included in some optimizations.
[22:36:10] [Server thread/WARN]: Lithium Class Analysis Error: Class org.betterx.bclib.blocks.BaseBlock cannot be analysed, because getting declared methods crashes with NoClassDefFoundError: net/minecraft/class_793. This is usually caused by modded entities declaring methods that have a return type or parameter type that is annotated with @Environment(value=EnvType.CLIENT). Loading the type is not possible, because it only exists in the CLIENT environment. The recommended fix is to annotate the method with this argument or return type with the same annotation. Lithium handles this error by assuming the class cannot be included in some optimizations.
[22:36:10] [Server thread/WARN]: Lithium Class Analysis Error: Class org.betterx.bclib.blocks.BaseBlock cannot be analysed, because getting declared methods crashes with NoClassDefFoundError: net/minecraft/class_793. This is usually caused by modded entities declaring methods that have a return type or parameter type that is annotated with @Environment(value=EnvType.CLIENT). Loading the type is not possible, because it only exists in the CLIENT environment. The recommended fix is to annotate the method with this argument or return type with the same annotation. Lithium handles this error by assuming the class cannot be included in some optimizations.
[22:36:10] [Server thread/WARN]: Lithium Class Analysis Error: Class org.betterx.bclib.blocks.BaseBlock cannot be analysed, because getting declared methods crashes with NoClassDefFoundError: net/minecraft/class_793. This is usually caused by modded entities declaring methods that have a return type or parameter type that is annotated with @Environment(value=EnvType.CLIENT). Loading the type is not possible, because it only exists in the CLIENT environment. The recommended fix is to annotate the method with this argument or return type with the same annotation. Lithium handles this error by assuming the class cannot be included in some optimizations.
[22:36:10] [Server thread/WARN]: Lithium Class Analysis Error: Class org.betterx.bclib.blocks.BaseBlock cannot be analysed, because getting declared methods crashes with NoClassDefFoundError: net/minecraft/class_793. This is usually caused by modded entities declaring methods that have a return type or parameter type that is annotated with @Environment(value=EnvType.CLIENT). Loading the type is not possible, because it only exists in the CLIENT environment. The recommended fix is to annotate the method with this argument or return type with the same annotation. Lithium handles this error by assuming the class cannot be included in some optimizations.
[22:36:10] [Server thread/WARN]: Lithium Class Analysis Error: Class org.betterx.bclib.blocks.BaseBlock cannot be analysed, because getting declared methods crashes with NoClassDefFoundError: net/minecraft/class_793. This is usually caused by modded entities declaring methods that have a return type or parameter type that is annotated with @Environment(value=EnvType.CLIENT). Loading the type is not possible, because it only exists in the CLIENT environment. The recommended fix is to annotate the method with this argument or return type with the same annotation. Lithium handles this error by assuming the class cannot be included in some optimizations.
[22:36:10] [Server thread/WARN]: Lithium Class Analysis Error: Class org.betterx.bclib.blocks.BaseBlock cannot be analysed, because getting declared methods crashes with NoClassDefFoundError: net/minecraft/class_793. This is usually caused by modded entities declaring methods that have a return type or parameter type that is annotated with @Environment(value=EnvType.CLIENT). Loading the type is not possible, because it only exists in the CLIENT environment. The recommended fix is to annotate the method with this argument or return type with the same annotation. Lithium handles this error by assuming the class cannot be included in some optimizations.
[22:36:10] [Server thread/WARN]: Lithium Class Analysis Error: Class org.betterx.bclib.blocks.BaseBlock cannot be analysed, because getting declared methods crashes with NoClassDefFoundError: net/minecraft/class_793. This is usually caused by modded entities declaring methods that have a return type or parameter type that is annotated with @Environment(value=EnvType.CLIENT). Loading the type is not possible, because it only exists in the CLIENT environment. The recommended fix is to annotate the method with this argument or return type with the same annotation. Lithium handles this error by assuming the class cannot be included in some optimizations.
[22:36:10] [Server thread/WARN]: Lithium Class Analysis Error: Class org.betterx.bclib.blocks.BaseBlock cannot be analysed, because getting declared methods crashes with NoClassDefFoundError: net/minecraft/class_793. This is usually caused by modded entities declaring methods that have a return type or parameter type that is annotated with @Environment(value=EnvType.CLIENT). Loading the type is not possible, because it only exists in the CLIENT environment. The recommended fix is to annotate the method with this argument or return type with the same annotation. Lithium handles this error by assuming the class cannot be included in some optimizations.
[22:36:10] [Netty Epoll Server IO #5/INFO]: [do_a_barrel_roll] Client of Pilin accepted server config.
[22:36:15] [Server thread/INFO]: [Pilin: Teleported Pilin to 317.500000, 97.500000, -982.500000]
[22:36:15] [Server thread/WARN]: Lithium Class Analysis Error: Class org.betterx.betterend.blocks.TenaneaFlowersBlock cannot be analysed, because getting declared methods crashes with NoClassDefFoundError: net/minecraft/class_326. This is usually caused by modded entities declaring methods that have a return type or parameter type that is annotated with @Environment(value=EnvType.CLIENT). Loading the type is not possible, because it only exists in the CLIENT environment. The recommended fix is to annotate the method with this argument or return type with the same annotation. Lithium handles this error by assuming the class cannot be included in some optimizations.
[22:36:15] [Server thread/WARN]: Lithium Class Analysis Error: Class org.betterx.betterend.blocks.TenaneaFlowersBlock cannot be analysed, because getting declared methods crashes with NoClassDefFoundError: net/minecraft/class_326. This is usually caused by modded entities declaring methods that have a return type or parameter type that is annotated with @Environment(value=EnvType.CLIENT). Loading the type is not possible, because it only exists in the CLIENT environment. The recommended fix is to annotate the method with this argument or return type with the same annotation. Lithium handles this error by assuming the class cannot be included in some optimizations.
[22:36:15] [Server thread/WARN]: Lithium Class Analysis Error: Class org.betterx.bclib.blocks.BaseBlock cannot be analysed, because getting declared methods crashes with NoClassDefFoundError: net/minecraft/class_793. This is usually caused by modded entities declaring methods that have a return type or parameter type that is annotated with @Environment(value=EnvType.CLIENT). Loading the type is not possible, because it only exists in the CLIENT environment. The recommended fix is to annotate the method with this argument or return type with the same annotation. Lithium handles this error by assuming the class cannot be included in some optimizations.
[22:36:15] [Server thread/WARN]: Lithium Class Analysis Error: Class org.betterx.betterend.blocks.TenaneaFlowersBlock cannot be analysed, because getting declared methods crashes with NoClassDefFoundError: net/minecraft/class_326. This is usually caused by modded entities declaring methods that have a return type or parameter type that is annotated with @Environment(value=EnvType.CLIENT). Loading the type is not possible, because it only exists in the CLIENT environment. The recommended fix is to annotate the method with this argument or return type with the same annotation. Lithium handles this error by assuming the class cannot be included in some optimizations.
[22:36:15] [Server thread/WARN]: Lithium Class Analysis Error: Class org.betterx.bclib.blocks.BaseLeavesBlock cannot be analysed, because getting declared methods crashes with NoClassDefFoundError: net/minecraft/class_793. This is usually caused by modded entities declaring methods that have a return type or parameter type that is annotated with @Environment(value=EnvType.CLIENT). Loading the type is not possible, because it only exists in the CLIENT environment. The recommended fix is to annotate the method with this argument or return type with the same annotation. Lithium handles this error by assuming the class cannot be included in some optimizations.
[22:36:15] [Server thread/WARN]: Lithium Class Analysis Error: Class org.betterx.bclib.blocks.BaseLeavesBlock cannot be analysed, because getting declared methods crashes with NoClassDefFoundError: net/minecraft/class_793. This is usually caused by modded entities declaring methods that have a return type or parameter type that is annotated with @Environment(value=EnvType.CLIENT). Loading the type is not possible, because it only exists in the CLIENT environment. The recommended fix is to annotate the method with this argument or return type with the same annotation. Lithium handles this error by assuming the class cannot be included in some optimizations.
[22:36:15] [Server thread/WARN]: Lithium Class Analysis Error: Class org.betterx.bclib.blocks.BaseLeavesBlock cannot be analysed, because getting declared methods crashes with NoClassDefFoundError: net/minecraft/class_793. This is usually caused by modded entities declaring methods that have a return type or parameter type that is annotated with @Environment(value=EnvType.CLIENT). Loading the type is not possible, because it only exists in the CLIENT environment. The recommended fix is to annotate the method with this argument or return type with the same annotation. Lithium handles this error by assuming the class cannot be included in some optimizations.
[22:36:15] [Server thread/WARN]: Lithium Class Analysis Error: Class org.betterx.bclib.blocks.BaseLeavesBlock cannot be analysed, because getting declared methods crashes with NoClassDefFoundError: net/minecraft/class_793. This is usually caused by modded entities declaring methods that have a return type or parameter type that is annotated with @Environment(value=EnvType.CLIENT). Loading the type is not possible, because it only exists in the CLIENT environment. The recommended fix is to annotate the method with this argument or return type with the same annotation. Lithium handles this error by assuming the class cannot be included in some optimizations.
[22:36:15] [Server thread/WARN]: Lithium Class Analysis Error: Class org.betterx.bclib.blocks.BaseBlock cannot be analysed, because getting declared methods crashes with NoClassDefFoundError: net/minecraft/class_793. This is usually caused by modded entities declaring methods that have a return type or parameter type that is annotated with @Environment(value=EnvType.CLIENT). Loading the type is not possible, because it only exists in the CLIENT environment. The recommended fix is to annotate the method with this argument or return type with the same annotation. Lithium handles this error by assuming the class cannot be included in some optimizations.
[22:36:15] [Server thread/WARN]: Lithium Class Analysis Error: Class org.betterx.bclib.blocks.BaseBlock cannot be analysed, because getting declared methods crashes with NoClassDefFoundError: net/minecraft/class_793. This is usually caused by modded entities declaring methods that have a return type or parameter type that is annotated with @Environment(value=EnvType.CLIENT). Loading the type is not possible, because it only exists in the CLIENT environment. The recommended fix is to annotate the method with this argument or return type with the same annotation. Lithium handles this error by assuming the class cannot be included in some optimizations.
[22:36:15] [Server thread/WARN]: Lithium Class Analysis Error: Class org.betterx.bclib.blocks.BaseBlock cannot be analysed, because getting declared methods crashes with NoClassDefFoundError: net/minecraft/class_793. This is usually caused by modded entities declaring methods that have a return type or parameter type that is annotated with @Environment(value=EnvType.CLIENT). Loading the type is not possible, because it only exists in the CLIENT environment. The recommended fix is to annotate the method with this argument or return type with the same annotation. Lithium handles this error by assuming the class cannot be included in some optimizations.
[22:36:15] [Server thread/WARN]: Lithium Class Analysis Error: Class org.betterx.bclib.blocks.BaseLeavesBlock cannot be analysed, because getting declared methods crashes with NoClassDefFoundError: net/minecraft/class_793. This is usually caused by modded entities declaring methods that have a return type or parameter type that is annotated with @Environment(value=EnvType.CLIENT). Loading the type is not possible, because it only exists in the CLIENT environment. The recommended fix is to annotate the method with this argument or return type with the same annotation. Lithium handles this error by assuming the class cannot be included in some optimizations.
[22:36:15] [Server thread/WARN]: Lithium Class Analysis Error: Class org.betterx.bclib.blocks.BaseBlock cannot be analysed, because getting declared methods crashes with NoClassDefFoundError: net/minecraft/class_793. This is usually caused by modded entities declaring methods that have a return type or parameter type that is annotated with @Environment(value=EnvType.CLIENT). Loading the type is not possible, because it only exists in the CLIENT environment. The recommended fix is to annotate the method with this argument or return type with the same annotation. Lithium handles this error by assuming the class cannot be included in some optimizations.
[22:36:15] [Server thread/WARN]: Lithium Class Analysis Error: Class org.betterx.bclib.blocks.BaseBlock cannot be analysed, because getting declared methods crashes with NoClassDefFoundError: net/minecraft/class_793. This is usually caused by modded entities declaring methods that have a return type or parameter type that is annotated with @Environment(value=EnvType.CLIENT). Loading the type is not possible, because it only exists in the CLIENT environment. The recommended fix is to annotate the method with this argument or return type with the same annotation. Lithium handles this error by assuming the class cannot be included in some optimizations.
[22:36:15] [Server thread/WARN]: Lithium Class Analysis Error: Class org.betterx.bclib.blocks.BaseLeavesBlock cannot be analysed, because getting declared methods crashes with NoClassDefFoundError: net/minecraft/class_793. This is usually caused by modded entities declaring methods that have a return type or parameter type that is annotated with @Environment(value=EnvType.CLIENT). Loading the type is not possible, because it only exists in the CLIENT environment. The recommended fix is to annotate the method with this argument or return type with the same annotation. Lithium handles this error by assuming the class cannot be included in some optimizations.
[22:36:15] [Server thread/WARN]: Lithium Class Analysis Error: Class org.betterx.bclib.blocks.BaseBlock cannot be analysed, because getting declared methods crashes with NoClassDefFoundError: net/minecraft/class_793. This is usually caused by modded entities declaring methods that have a return type or parameter type that is annotated with @Environment(value=EnvType.CLIENT). Loading the type is not possible, because it only exists in the CLIENT environment. The recommended fix is to annotate the method with this argument or return type with the same annotation. Lithium handles this error by assuming the class cannot be included in some optimizations.
[22:36:15] [Server thread/WARN]: Lithium Class Analysis Error: Class org.betterx.bclib.blocks.BaseBlock cannot be analysed, because getting declared methods crashes with NoClassDefFoundError: net/minecraft/class_793. This is usually caused by modded entities declaring methods that have a return type or parameter type that is annotated with @Environment(value=EnvType.CLIENT). Loading the type is not possible, because it only exists in the CLIENT environment. The recommended fix is to annotate the method with this argument or return type with the same annotation. Lithium handles this error by assuming the class cannot be included in some optimizations.
[22:36:15] [Server thread/WARN]: Lithium Class Analysis Error: Class org.betterx.bclib.blocks.BaseBlock cannot be analysed, because getting declared methods crashes with NoClassDefFoundError: net/minecraft/class_793. This is usually caused by modded entities declaring methods that have a return type or parameter type that is annotated with @Environment(value=EnvType.CLIENT). Loading the type is not possible, because it only exists in the CLIENT environment. The recommended fix is to annotate the method with this argument or return type with the same annotation. Lithium handles this error by assuming the class cannot be included in some optimizations.
[22:36:15] [Server thread/WARN]: Lithium Class Analysis Error: Class org.betterx.bclib.blocks.BaseBlock cannot be analysed, because getting declared methods crashes with NoClassDefFoundError: net/minecraft/class_793. This is usually caused by modded entities declaring methods that have a return type or parameter type that is annotated with @Environment(value=EnvType.CLIENT). Loading the type is not possible, because it only exists in the CLIENT environment. The recommended fix is to annotate the method with this argument or return type with the same annotation. Lithium handles this error by assuming the class cannot be included in some optimizations.
[22:36:15] [Server thread/WARN]: Lithium Class Analysis Error: Class org.betterx.bclib.blocks.BaseBlock cannot be analysed, because getting declared methods crashes with NoClassDefFoundError: net/minecraft/class_793. This is usually caused by modded entities declaring methods that have a return type or parameter type that is annotated with @Environment(value=EnvType.CLIENT). Loading the type is not possible, because it only exists in the CLIENT environment. The recommended fix is to annotate the method with this argument or return type with the same annotation. Lithium handles this error by assuming the class cannot be included in some optimizations.
[22:36:15] [Server thread/WARN]: Lithium Class Analysis Error: Class org.betterx.bclib.blocks.BaseBlock cannot be analysed, because getting declared methods crashes with NoClassDefFoundError: net/minecraft/class_793. This is usually caused by modded entities declaring methods that have a return type or parameter type that is annotated with @Environment(value=EnvType.CLIENT). Loading the type is not possible, because it only exists in the CLIENT environment. The recommended fix is to annotate the method with this argument or return type with the same annotation. Lithium handles this error by assuming the class cannot be included in some optimizations.
[22:36:15] [Server thread/WARN]: Lithium Class Analysis Error: Class org.betterx.bclib.blocks.BaseBlock cannot be analysed, because getting declared methods crashes with NoClassDefFoundError: net/minecraft/class_793. This is usually caused by modded entities declaring methods that have a return type or parameter type that is annotated with @Environment(value=EnvType.CLIENT). Loading the type is not possible, because it only exists in the CLIENT environment. The recommended fix is to annotate the method with this argument or return type with the same annotation. Lithium handles this error by assuming the class cannot be included in some optimizations.
[22:36:15] [Server thread/WARN]: Lithium Class Analysis Error: Class org.betterx.bclib.blocks.BaseBlock cannot be analysed, because getting declared methods crashes with NoClassDefFoundError: net/minecraft/class_793. This is usually caused by modded entities declaring methods that have a return type or parameter type that is annotated with @Environment(value=EnvType.CLIENT). Loading the type is not possible, because it only exists in the CLIENT environment. The recommended fix is to annotate the method with this argument or return type with the same annotation. Lithium handles this error by assuming the class cannot be included in some optimizations.
[22:36:15] [Server thread/WARN]: Lithium Class Analysis Error: Class org.betterx.bclib.blocks.BaseBlock cannot be analysed, because getting declared methods crashes with NoClassDefFoundError: net/minecraft/class_793. This is usually caused by modded entities declaring methods that have a return type or parameter type that is annotated with @Environment(value=EnvType.CLIENT). Loading the type is not possible, because it only exists in the CLIENT environment. The recommended fix is to annotate the method with this argument or return type with the same annotation. Lithium handles this error by assuming the class cannot be included in some optimizations.
[22:36:15] [Server thread/WARN]: Lithium Class Analysis Error: Class org.betterx.bclib.blocks.BaseBlock cannot be analysed, because getting declared methods crashes with NoClassDefFoundError: net/minecraft/class_793. This is usually caused by modded entities declaring methods that have a return type or parameter type that is annotated with @Environment(value=EnvType.CLIENT). Loading the type is not possible, because it only exists in the CLIENT environment. The recommended fix is to annotate the method with this argument or return type with the same annotation. Lithium handles this error by assuming the class cannot be included in some optimizations.
[22:36:15] [Server thread/WARN]: Lithium Class Analysis Error: Class org.betterx.bclib.blocks.BaseBlock cannot be analysed, because getting declared methods crashes with NoClassDefFoundError: net/minecraft/class_793. This is usually caused by modded entities declaring methods that have a return type or parameter type that is annotated with @Environment(value=EnvType.CLIENT). Loading the type is not possible, because it only exists in the CLIENT environment. The recommended fix is to annotate the method with this argument or return type with the same annotation. Lithium handles this error by assuming the class cannot be included in some optimizations.
[22:36:15] [Server thread/WARN]: Lithium Class Analysis Error: Class org.betterx.bclib.blocks.BaseBlock cannot be analysed, because getting declared methods crashes with NoClassDefFoundError: net/minecraft/class_793. This is usually caused by modded entities declaring methods that have a return type or parameter type that is annotated with @Environment(value=EnvType.CLIENT). Loading the type is not possible, because it only exists in the CLIENT environment. The recommended fix is to annotate the method with this argument or return type with the same annotation. Lithium handles this error by assuming the class cannot be included in some optimizations.
[22:36:15] [Server thread/WARN]: Lithium Class Analysis Error: Class org.betterx.bclib.blocks.BaseBlock cannot be analysed, because getting declared methods crashes with NoClassDefFoundError: net/minecraft/class_793. This is usually caused by modded entities declaring methods that have a return type or parameter type that is annotated with @Environment(value=EnvType.CLIENT). Loading the type is not possible, because it only exists in the CLIENT environment. The recommended fix is to annotate the method with this argument or return type with the same annotation. Lithium handles this error by assuming the class cannot be included in some optimizations.
[22:36:15] [Server thread/WARN]: Lithium Class Analysis Error: Class org.betterx.bclib.blocks.BaseBlock cannot be analysed, because getting declared methods crashes with NoClassDefFoundError: net/minecraft/class_793. This is usually caused by modded entities declaring methods that have a return type or parameter type that is annotated with @Environment(value=EnvType.CLIENT). Loading the type is not possible, because it only exists in the CLIENT environment. The recommended fix is to annotate the method with this argument or return type with the same annotation. Lithium handles this error by assuming the class cannot be included in some optimizations.
[22:36:15] [Server thread/WARN]: Lithium Class Analysis Error: Class org.betterx.bclib.blocks.BaseBlock cannot be analysed, because getting declared methods crashes with NoClassDefFoundError: net/minecraft/class_793. This is usually caused by modded entities declaring methods that have a return type or parameter type that is annotated with @Environment(value=EnvType.CLIENT). Loading the type is not possible, because it only exists in the CLIENT environment. The recommended fix is to annotate the method with this argument or return type with the same annotation. Lithium handles this error by assuming the class cannot be included in some optimizations.
[22:36:16] [Server thread/WARN]: Lithium Class Analysis Error: Class org.betterx.bclib.blocks.BaseBlock cannot be analysed, because getting declared methods crashes with NoClassDefFoundError: net/minecraft/class_793. This is usually caused by modded entities declaring methods that have a return type or parameter type that is annotated with @Environment(value=EnvType.CLIENT). Loading the type is not possible, because it only exists in the CLIENT environment. The recommended fix is to annotate the method with this argument or return type with the same annotation. Lithium handles this error by assuming the class cannot be included in some optimizations.
[22:36:16] [Server thread/WARN]: Lithium Class Analysis Error: Class org.betterx.bclib.blocks.BaseLeavesBlock cannot be analysed, because getting declared methods crashes with NoClassDefFoundError: net/minecraft/class_793. This is usually caused by modded entities declaring methods that have a return type or parameter type that is annotated with @Environment(value=EnvType.CLIENT). Loading the type is not possible, because it only exists in the CLIENT environment. The recommended fix is to annotate the method with this argument or return type with the same annotation. Lithium handles this error by assuming the class cannot be included in some optimizations.
[22:36:16] [Server thread/WARN]: Lithium Class Analysis Error: Class org.betterx.bclib.blocks.BaseBlock cannot be analysed, because getting declared methods crashes with NoClassDefFoundError: net/minecraft/class_793. This is usually caused by modded entities declaring methods that have a return type or parameter type that is annotated with @Environment(value=EnvType.CLIENT). Loading the type is not possible, because it only exists in the CLIENT environment. The recommended fix is to annotate the method with this argument or return type with the same annotation. Lithium handles this error by assuming the class cannot be included in some optimizations.
[22:36:16] [Server thread/WARN]: Lithium Class Analysis Error: Class org.betterx.bclib.blocks.BaseLeavesBlock cannot be analysed, because getting declared methods crashes with NoClassDefFoundError: net/minecraft/class_793. This is usually caused by modded entities declaring methods that have a return type or parameter type that is annotated with @Environment(value=EnvType.CLIENT). Loading the type is not possible, because it only exists in the CLIENT environment. The recommended fix is to annotate the method with this argument or return type with the same annotation. Lithium handles this error by assuming the class cannot be included in some optimizations.
[22:36:16] [Server thread/WARN]: Lithium Class Analysis Error: Class org.betterx.bclib.blocks.BaseLeavesBlock cannot be analysed, because getting declared methods crashes with NoClassDefFoundError: net/minecraft/class_793. This is usually caused by modded entities declaring methods that have a return type or parameter type that is annotated with @Environment(value=EnvType.CLIENT). Loading the type is not possible, because it only exists in the CLIENT environment. The recommended fix is to annotate the method with this argument or return type with the same annotation. Lithium handles this error by assuming the class cannot be included in some optimizations.
[22:36:16] [Server thread/WARN]: Lithium Class Analysis Error: Class org.betterx.bclib.blocks.BaseLeavesBlock cannot be analysed, because getting declared methods crashes with NoClassDefFoundError: net/minecraft/class_793. This is usually caused by modded entities declaring methods that have a return type or parameter type that is annotated with @Environment(value=EnvType.CLIENT). Loading the type is not possible, because it only exists in the CLIENT environment. The recommended fix is to annotate the method with this argument or return type with the same annotation. Lithium handles this error by assuming the class cannot be included in some optimizations.
[22:36:16] [Server thread/WARN]: Lithium Class Analysis Error: Class org.betterx.bclib.blocks.BaseLeavesBlock cannot be analysed, because getting declared methods crashes with NoClassDefFoundError: net/minecraft/class_793. This is usually caused by modded entities declaring methods that have a return type or parameter type that is annotated with @Environment(value=EnvType.CLIENT). Loading the type is not possible, because it only exists in the CLIENT environment. The recommended fix is to annotate the method with this argument or return type with the same annotation. Lithium handles this error by assuming the class cannot be included in some optimizations.
[22:36:16] [Server thread/WARN]: Lithium Class Analysis Error: Class org.betterx.bclib.blocks.BaseLeavesBlock cannot be analysed, because getting declared methods crashes with NoClassDefFoundError: net/minecraft/class_793. This is usually caused by modded entities declaring methods that have a return type or parameter type that is annotated with @Environment(value=EnvType.CLIENT). Loading the type is not possible, because it only exists in the CLIENT environment. The recommended fix is to annotate the method with this argument or return type with the same annotation. Lithium handles this error by assuming the class cannot be included in some optimizations.
[22:36:16] [Server thread/WARN]: Lithium Class Analysis Error: Class org.betterx.bclib.blocks.BaseLeavesBlock cannot be analysed, because getting declared methods crashes with NoClassDefFoundError: net/minecraft/class_793. This is usually caused by modded entities declaring methods that have a return type or parameter type that is annotated with @Environment(value=EnvType.CLIENT). Loading the type is not possible, because it only exists in the CLIENT environment. The recommended fix is to annotate the method with this argument or return type with the same annotation. Lithium handles this error by assuming the class cannot be included in some optimizations.
[22:36:16] [Server thread/WARN]: Lithium Class Analysis Error: Class org.betterx.bclib.blocks.BaseBlock cannot be analysed, because getting declared methods crashes with NoClassDefFoundError: net/minecraft/class_793. This is usually caused by modded entities declaring methods that have a return type or parameter type that is annotated with @Environment(value=EnvType.CLIENT). Loading the type is not possible, because it only exists in the CLIENT environment. The recommended fix is to annotate the method with this argument or return type with the same annotation. Lithium handles this error by assuming the class cannot be included in some optimizations.
[22:36:16] [Server thread/WARN]: Lithium Class Analysis Error: Class org.betterx.bclib.blocks.BaseBlock cannot be analysed, because getting declared methods crashes with NoClassDefFoundError: net/minecraft/class_793. This is usually caused by modded entities declaring methods that have a return type or parameter type that is annotated with @Environment(value=EnvType.CLIENT). Loading the type is not possible, because it only exists in the CLIENT environment. The recommended fix is to annotate the method with this argument or return type with the same annotation. Lithium handles this error by assuming the class cannot be included in some optimizations.
[22:36:16] [Server thread/WARN]: Lithium Class Analysis Error: Class org.betterx.bclib.blocks.BaseBlock cannot be analysed, because getting declared methods crashes with NoClassDefFoundError: net/minecraft/class_793. This is usually caused by modded entities declaring methods that have a return type or parameter type that is annotated with @Environment(value=EnvType.CLIENT). Loading the type is not possible, because it only exists in the CLIENT environment. The recommended fix is to annotate the method with this argument or return type with the same annotation. Lithium handles this error by assuming the class cannot be included in some optimizations.
[22:36:16] [Server thread/WARN]: Lithium Class Analysis Error: Class org.betterx.bclib.blocks.BaseBlock cannot be analysed, because getting declared methods crashes with NoClassDefFoundError: net/minecraft/class_793. This is usually caused by modded entities declaring methods that have a return type or parameter type that is annotated with @Environment(value=EnvType.CLIENT). Loading the type is not possible, because it only exists in the CLIENT environment. The recommended fix is to annotate the method with this argument or return type with the same annotation. Lithium handles this error by assuming the class cannot be included in some optimizations.
[22:36:16] [Server thread/WARN]: Lithium Class Analysis Error: Class org.betterx.bclib.blocks.BaseBlock cannot be analysed, because getting declared methods crashes with NoClassDefFoundError: net/minecraft/class_793. This is usually caused by modded entities declaring methods that have a return type or parameter type that is annotated with @Environment(value=EnvType.CLIENT). Loading the type is not possible, because it only exists in the CLIENT environment. The recommended fix is to annotate the method with this argument or return type with the same annotation. Lithium handles this error by assuming the class cannot be included in some optimizations.
[22:36:16] [Server thread/WARN]: Lithium Class Analysis Error: Class org.betterx.bclib.blocks.BaseBlock cannot be analysed, because getting declared methods crashes with NoClassDefFoundError: net/minecraft/class_793. This is usually caused by modded entities declaring methods that have a return type or parameter type that is annotated with @Environment(value=EnvType.CLIENT). Loading the type is not possible, because it only exists in the CLIENT environment. The recommended fix is to annotate the method with this argument or return type with the same annotation. Lithium handles this error by assuming the class cannot be included in some optimizations.
[22:36:16] [Server thread/WARN]: Lithium Class Analysis Error: Class org.betterx.bclib.blocks.BaseBlock cannot be analysed, because getting declared methods crashes with NoClassDefFoundError: net/minecraft/class_793. This is usually caused by modded entities declaring methods that have a return type or parameter type that is annotated with @Environment(value=EnvType.CLIENT). Loading the type is not possible, because it only exists in the CLIENT environment. The recommended fix is to annotate the method with this argument or return type with the same annotation. Lithium handles this error by assuming the class cannot be included in some optimizations.
[22:36:16] [Server thread/WARN]: Lithium Class Analysis Error: Class org.betterx.bclib.blocks.BaseBlock cannot be analysed, because getting declared methods crashes with NoClassDefFoundError: net/minecraft/class_793. This is usually caused by modded entities declaring methods that have a return type or parameter type that is annotated with @Environment(value=EnvType.CLIENT). Loading the type is not possible, because it only exists in the CLIENT environment. The recommended fix is to annotate the method with this argument or return type with the same annotation. Lithium handles this error by assuming the class cannot be included in some optimizations.
[22:36:16] [Server thread/WARN]: Lithium Class Analysis Error: Class org.betterx.bclib.blocks.BaseBlock cannot be analysed, because getting declared methods crashes with NoClassDefFoundError: net/minecraft/class_793. This is usually caused by modded entities declaring methods that have a return type or parameter type that is annotated with @Environment(value=EnvType.CLIENT). Loading the type is not possible, because it only exists in the CLIENT environment. The recommended fix is to annotate the method with this argument or return type with the same annotation. Lithium handles this error by assuming the class cannot be included in some optimizations.
[22:36:17] [Server thread/WARN]: Lithium Class Analysis Error: Class org.betterx.bclib.blocks.BaseBlock cannot be analysed, because getting declared methods crashes with NoClassDefFoundError: net/minecraft/class_793. This is usually caused by modded entities declaring methods that have a return type or parameter type that is annotated with @Environment(value=EnvType.CLIENT). Loading the type is not possible, because it only exists in the CLIENT environment. The recommended fix is to annotate the method with this argument or return type with the same annotation. Lithium handles this error by assuming the class cannot be included in some optimizations.
[22:36:18] [Server thread/WARN]: Lithium Class Analysis Error: Class org.betterx.bclib.blocks.BaseBlock cannot be analysed, because getting declared methods crashes with NoClassDefFoundError: net/minecraft/class_793. This is usually caused by modded entities declaring methods that have a return type or parameter type that is annotated with @Environment(value=EnvType.CLIENT). Loading the type is not possible, because it only exists in the CLIENT environment. The recommended fix is to annotate the method with this argument or return type with the same annotation. Lithium handles this error by assuming the class cannot be included in some optimizations.
[22:36:18] [Server thread/WARN]: Lithium Class Analysis Error: Class org.betterx.bclib.blocks.BaseBlock cannot be analysed, because getting declared methods crashes with NoClassDefFoundError: net/minecraft/class_793. This is usually caused by modded entities declaring methods that have a return type or parameter type that is annotated with @Environment(value=EnvType.CLIENT). Loading the type is not possible, because it only exists in the CLIENT environment. The recommended fix is to annotate the method with this argument or return type with the same annotation. Lithium handles this error by assuming the class cannot be included in some optimizations.
[22:36:18] [Server thread/WARN]: Lithium Class Analysis Error: Class org.betterx.bclib.blocks.BaseBlock cannot be analysed, because getting declared methods crashes with NoClassDefFoundError: net/minecraft/class_793. This is usually caused by modded entities declaring methods that have a return type or parameter type that is annotated with @Environment(value=EnvType.CLIENT). Loading the type is not possible, because it only exists in the CLIENT environment. The recommended fix is to annotate the method with this argument or return type with the same annotation. Lithium handles this error by assuming the class cannot be included in some optimizations.
[22:36:18] [Server thread/WARN]: Lithium Class Analysis Error: Class org.betterx.bclib.blocks.BaseBlock cannot be analysed, because getting declared methods crashes with NoClassDefFoundError: net/minecraft/class_793. This is usually caused by modded entities declaring methods that have a return type or parameter type that is annotated with @Environment(value=EnvType.CLIENT). Loading the type is not possible, because it only exists in the CLIENT environment. The recommended fix is to annotate the method with this argument or return type with the same annotation. Lithium handles this error by assuming the class cannot be included in some optimizations.
[22:36:18] [Server thread/WARN]: Lithium Class Analysis Error: Class org.betterx.bclib.blocks.BaseBlock cannot be analysed, because getting declared methods crashes with NoClassDefFoundError: net/minecraft/class_793. This is usually caused by modded entities declaring methods that have a return type or parameter type that is annotated with @Environment(value=EnvType.CLIENT). Loading the type is not possible, because it only exists in the CLIENT environment. The recommended fix is to annotate the method with this argument or return type with the same annotation. Lithium handles this error by assuming the class cannot be included in some optimizations.
[22:36:19] [Server thread/WARN]: Lithium Class Analysis Error: Class org.betterx.bclib.blocks.BaseLeavesBlock cannot be analysed, because getting declared methods crashes with NoClassDefFoundError: net/minecraft/class_793. This is usually caused by modded entities declaring methods that have a return type or parameter type that is annotated with @Environment(value=EnvType.CLIENT). Loading the type is not possible, because it only exists in the CLIENT environment. The recommended fix is to annotate the method with this argument or return type with the same annotation. Lithium handles this error by assuming the class cannot be included in some optimizations.
[22:36:19] [Server thread/WARN]: Lithium Class Analysis Error: Class org.betterx.bclib.blocks.BaseLeavesBlock cannot be analysed, because getting declared methods crashes with NoClassDefFoundError: net/minecraft/class_793. This is usually caused by modded entities declaring methods that have a return type or parameter type that is annotated with @Environment(value=EnvType.CLIENT). Loading the type is not possible, because it only exists in the CLIENT environment. The recommended fix is to annotate the method with this argument or return type with the same annotation. Lithium handles this error by assuming the class cannot be included in some optimizations.
[22:36:19] [Server thread/WARN]: Lithium Class Analysis Error: Class org.betterx.bclib.blocks.BaseLeavesBlock cannot be analysed, because getting declared methods crashes with NoClassDefFoundError: net/minecraft/class_793. This is usually caused by modded entities declaring methods that have a return type or parameter type that is annotated with @Environment(value=EnvType.CLIENT). Loading the type is not possible, because it only exists in the CLIENT environment. The recommended fix is to annotate the method with this argument or return type with the same annotation. Lithium handles this error by assuming the class cannot be included in some optimizations.
[22:36:19] [Server thread/WARN]: Lithium Class Analysis Error: Class org.betterx.bclib.blocks.BaseLeavesBlock cannot be analysed, because getting declared methods crashes with NoClassDefFoundError: net/minecraft/class_793. This is usually caused by modded entities declaring methods that have a return type or parameter type that is annotated with @Environment(value=EnvType.CLIENT). Loading the type is not possible, because it only exists in the CLIENT environment. The recommended fix is to annotate the method with this argument or return type with the same annotation. Lithium handles this error by assuming the class cannot be included in some optimizations.
[22:36:19] [Server thread/WARN]: Lithium Class Analysis Error: Class org.betterx.bclib.blocks.BaseLeavesBlock cannot be analysed, because getting declared methods crashes with NoClassDefFoundError: net/minecraft/class_793. This is usually caused by modded entities declaring methods that have a return type or parameter type that is annotated with @Environment(value=EnvType.CLIENT). Loading the type is not possible, because it only exists in the CLIENT environment. The recommended fix is to annotate the method with this argument or return type with the same annotation. Lithium handles this error by assuming the class cannot be included in some optimizations.
[22:36:19] [Server thread/WARN]: Lithium Class Analysis Error: Class org.betterx.bclib.blocks.BaseLeavesBlock cannot be analysed, because getting declared methods crashes with NoClassDefFoundError: net/minecraft/class_793. This is usually caused by modded entities declaring methods that have a return type or parameter type that is annotated with @Environment(value=EnvType.CLIENT). Loading the type is not possible, because it only exists in the CLIENT environment. The recommended fix is to annotate the method with this argument or return type with the same annotation. Lithium handles this error by assuming the class cannot be included in some optimizations.
[22:36:19] [Server thread/WARN]: Lithium Class Analysis Error: Class org.betterx.bclib.blocks.BaseBlock cannot be analysed, because getting declared methods crashes with NoClassDefFoundError: net/minecraft/class_793. This is usually caused by modded entities declaring methods that have a return type or parameter type that is annotated with @Environment(value=EnvType.CLIENT). Loading the type is not possible, because it only exists in the CLIENT environment. The recommended fix is to annotate the method with this argument or return type with the same annotation. Lithium handles this error by assuming the class cannot be included in some optimizations.
[22:36:19] [Server thread/WARN]: Lithium Class Analysis Error: Class org.betterx.bclib.blocks.BaseBlock cannot be analysed, because getting declared methods crashes with NoClassDefFoundError: net/minecraft/class_793. This is usually caused by modded entities declaring methods that have a return type or parameter type that is annotated with @Environment(value=EnvType.CLIENT). Loading the type is not possible, because it only exists in the CLIENT environment. The recommended fix is to annotate the method with this argument or return type with the same annotation. Lithium handles this error by assuming the class cannot be included in some optimizations.
[22:36:19] [Server thread/WARN]: Lithium Class Analysis Error: Class org.betterx.bclib.blocks.BaseBlock cannot be analysed, because getting declared methods crashes with NoClassDefFoundError: net/minecraft/class_793. This is usually caused by modded entities declaring methods that have a return type or parameter type that is annotated with @Environment(value=EnvType.CLIENT). Loading the type is not possible, because it only exists in the CLIENT environment. The recommended fix is to annotate the method with this argument or return type with the same annotation. Lithium handles this error by assuming the class cannot be included in some optimizations.
[22:36:19] [Server thread/WARN]: Lithium Class Analysis Error: Class org.betterx.bclib.blocks.BaseBlock cannot be analysed, because getting declared methods crashes with NoClassDefFoundError: net/minecraft/class_793. This is usually caused by modded entities declaring methods that have a return type or parameter type that is annotated with @Environment(value=EnvType.CLIENT). Loading the type is not possible, because it only exists in the CLIENT environment. The recommended fix is to annotate the method with this argument or return type with the same annotation. Lithium handles this error by assuming the class cannot be included in some optimizations.
[22:36:19] [Server thread/WARN]: Lithium Class Analysis Error: Class org.betterx.bclib.blocks.BaseBlock cannot be analysed, because getting declared methods crashes with NoClassDefFoundError: net/minecraft/class_793. This is usually caused by modded entities declaring methods that have a return type or parameter type that is annotated with @Environment(value=EnvType.CLIENT). Loading the type is not possible, because it only exists in the CLIENT environment. The recommended fix is to annotate the method with this argument or return type with the same annotation. Lithium handles this error by assuming the class cannot be included in some optimizations.
[22:36:19] [Server thread/WARN]: Lithium Class Analysis Error: Class org.betterx.bclib.blocks.BaseBlock cannot be analysed, because getting declared methods crashes with NoClassDefFoundError: net/minecraft/class_793. This is usually caused by modded entities declaring methods that have a return type or parameter type that is annotated with @Environment(value=EnvType.CLIENT). Loading the type is not possible, because it only exists in the CLIENT environment. The recommended fix is to annotate the method with this argument or return type with the same annotation. Lithium handles this error by assuming the class cannot be included in some optimizations.
[22:36:19] [Server thread/WARN]: Lithium Class Analysis Error: Class org.betterx.bclib.blocks.BaseBlock cannot be analysed, because getting declared methods crashes with NoClassDefFoundError: net/minecraft/class_793. This is usually caused by modded entities declaring methods that have a return type or parameter type that is annotated with @Environment(value=EnvType.CLIENT). Loading the type is not possible, because it only exists in the CLIENT environment. The recommended fix is to annotate the method with this argument or return type with the same annotation. Lithium handles this error by assuming the class cannot be included in some optimizations.
[22:36:19] [Server thread/WARN]: Lithium Class Analysis Error: Class org.betterx.bclib.blocks.BaseBlock cannot be analysed, because getting declared methods crashes with NoClassDefFoundError: net/minecraft/class_793. This is usually caused by modded entities declaring methods that have a return type or parameter type that is annotated with @Environment(value=EnvType.CLIENT). Loading the type is not possible, because it only exists in the CLIENT environment. The recommended fix is to annotate the method with this argument or return type with the same annotation. Lithium handles this error by assuming the class cannot be included in some optimizations.
[22:36:19] [Server thread/WARN]: Lithium Class Analysis Error: Class org.betterx.bclib.blocks.BaseBlock cannot be analysed, because getting declared methods crashes with NoClassDefFoundError: net/minecraft/class_793. This is usually caused by modded entities declaring methods that have a return type or parameter type that is annotated with @Environment(value=EnvType.CLIENT). Loading the type is not possible, because it only exists in the CLIENT environment. The recommended fix is to annotate the method with this argument or return type with the same annotation. Lithium handles this error by assuming the class cannot be included in some optimizations.
[22:36:19] [Server thread/WARN]: Lithium Class Analysis Error: Class org.betterx.bclib.blocks.BaseBlock cannot be analysed, because getting declared methods crashes with NoClassDefFoundError: net/minecraft/class_793. This is usually caused by modded entities declaring methods that have a return type or parameter type that is annotated with @Environment(value=EnvType.CLIENT). Loading the type is not possible, because it only exists in the CLIENT environment. The recommended fix is to annotate the method with this argument or return type with the same annotation. Lithium handles this error by assuming the class cannot be included in some optimizations.
[22:36:19] [Server thread/WARN]: Lithium Class Analysis Error: Class org.betterx.bclib.blocks.BaseBlock cannot be analysed, because getting declared methods crashes with NoClassDefFoundError: net/minecraft/class_793. This is usually caused by modded entities declaring methods that have a return type or parameter type that is annotated with @Environment(value=EnvType.CLIENT). Loading the type is not possible, because it only exists in the CLIENT environment. The recommended fix is to annotate the method with this argument or return type with the same annotation. Lithium handles this error by assuming the class cannot be included in some optimizations.
[22:36:19] [Server thread/WARN]: Lithium Class Analysis Error: Class org.betterx.bclib.blocks.BaseBlock cannot be analysed, because getting declared methods crashes with NoClassDefFoundError: net/minecraft/class_793. This is usually caused by modded entities declaring methods that have a return type or parameter type that is annotated with @Environment(value=EnvType.CLIENT). Loading the type is not possible, because it only exists in the CLIENT environment. The recommended fix is to annotate the method with this argument or return type with the same annotation. Lithium handles this error by assuming the class cannot be included in some optimizations.
[22:36:19] [Server thread/WARN]: Lithium Class Analysis Error: Class org.betterx.bclib.blocks.BaseBlock cannot be analysed, because getting declared methods crashes with NoClassDefFoundError: net/minecraft/class_793. This is usually caused by modded entities declaring methods that have a return type or parameter type that is annotated with @Environment(value=EnvType.CLIENT). Loading the type is not possible, because it only exists in the CLIENT environment. The recommended fix is to annotate the method with this argument or return type with the same annotation. Lithium handles this error by assuming the class cannot be included in some optimizations.
[22:36:22] [Server thread/WARN]: Can't keep up! Is the server overloaded? Running 2026ms or 40 ticks behind
[22:36:23] [Server thread/WARN]: Lithium Class Analysis Error: Class org.betterx.bclib.blocks.BaseBlock cannot be analysed, because getting declared methods crashes with NoClassDefFoundError: net/minecraft/class_793. This is usually caused by modded entities declaring methods that have a return type or parameter type that is annotated with @Environment(value=EnvType.CLIENT). Loading the type is not possible, because it only exists in the CLIENT environment. The recommended fix is to annotate the method with this argument or return type with the same annotation. Lithium handles this error by assuming the class cannot be included in some optimizations.
[22:36:23] [Server thread/WARN]: Lithium Class Analysis Error: Class org.betterx.bclib.blocks.BaseBlock cannot be analysed, because getting declared methods crashes with NoClassDefFoundError: net/minecraft/class_793. This is usually caused by modded entities declaring methods that have a return type or parameter type that is annotated with @Environment(value=EnvType.CLIENT). Loading the type is not possible, because it only exists in the CLIENT environment. The recommended fix is to annotate the method with this argument or return type with the same annotation. Lithium handles this error by assuming the class cannot be included in some optimizations.
[22:36:24] [Server thread/WARN]: Lithium Class Analysis Error: Class org.betterx.bclib.blocks.BaseBlock cannot be analysed, because getting declared methods crashes with NoClassDefFoundError: net/minecraft/class_793. This is usually caused by modded entities declaring methods that have a return type or parameter type that is annotated with @Environment(value=EnvType.CLIENT). Loading the type is not possible, because it only exists in the CLIENT environment. The recommended fix is to annotate the method with this argument or return type with the same annotation. Lithium handles this error by assuming the class cannot be included in some optimizations.
[22:36:25] [Server thread/WARN]: Lithium Class Analysis Error: Class org.betterx.bclib.blocks.BaseBlock cannot be analysed, because getting declared methods crashes with NoClassDefFoundError: net/minecraft/class_793. This is usually caused by modded entities declaring methods that have a return type or parameter type that is annotated with @Environment(value=EnvType.CLIENT). Loading the type is not possible, because it only exists in the CLIENT environment. The recommended fix is to annotate the method with this argument or return type with the same annotation. Lithium handles this error by assuming the class cannot be included in some optimizations.
[22:36:25] [Server thread/WARN]: Lithium Class Analysis Error: Class org.betterx.betterend.blocks.AuroraCrystalBlock cannot be analysed, because getting declared methods crashes with NoClassDefFoundError: net/minecraft/class_326. This is usually caused by modded entities declaring methods that have a return type or parameter type that is annotated with @Environment(value=EnvType.CLIENT). Loading the type is not possible, because it only exists in the CLIENT environment. The recommended fix is to annotate the method with this argument or return type with the same annotation. Lithium handles this error by assuming the class cannot be included in some optimizations.
[22:36:26] [Server thread/WARN]: Lithium Class Analysis Error: Class org.betterx.bclib.blocks.BaseBlock cannot be analysed, because getting declared methods crashes with NoClassDefFoundError: net/minecraft/class_793. This is usually caused by modded entities declaring methods that have a return type or parameter type that is annotated with @Environment(value=EnvType.CLIENT). Loading the type is not possible, because it only exists in the CLIENT environment. The recommended fix is to annotate the method with this argument or return type with the same annotation. Lithium handles this error by assuming the class cannot be included in some optimizations.
[22:36:26] [Server thread/WARN]: Lithium Class Analysis Error: Class org.betterx.bclib.blocks.BaseBlock cannot be analysed, because getting declared methods crashes with NoClassDefFoundError: net/minecraft/class_793. This is usually caused by modded entities declaring methods that have a return type or parameter type that is annotated with @Environment(value=EnvType.CLIENT). Loading the type is not possible, because it only exists in the CLIENT environment. The recommended fix is to annotate the method with this argument or return type with the same annotation. Lithium handles this error by assuming the class cannot be included in some optimizations.
[22:36:26] [Server thread/WARN]: Lithium Class Analysis Error: Class org.betterx.betterend.blocks.BrimstoneBlock cannot be analysed, because getting declared methods crashes with NoClassDefFoundError: net/minecraft/class_638. This is usually caused by modded entities declaring methods that have a return type or parameter type that is annotated with @Environment(value=EnvType.CLIENT). Loading the type is not possible, because it only exists in the CLIENT environment. The recommended fix is to annotate the method with this argument or return type with the same annotation. Lithium handles this error by assuming the class cannot be included in some optimizations.
[22:36:26] [Server thread/WARN]: Lithium Class Analysis Error: Class org.betterx.betterend.blocks.BrimstoneBlock cannot be analysed, because getting declared methods crashes with NoClassDefFoundError: net/minecraft/class_638. This is usually caused by modded entities declaring methods that have a return type or parameter type that is annotated with @Environment(value=EnvType.CLIENT). Loading the type is not possible, because it only exists in the CLIENT environment. The recommended fix is to annotate the method with this argument or return type with the same annotation. Lithium handles this error by assuming the class cannot be included in some optimizations.
[22:36:26] [Server thread/WARN]: Lithium Class Analysis Error: Class org.betterx.bclib.blocks.BaseBlock cannot be analysed, because getting declared methods crashes with NoClassDefFoundError: net/minecraft/class_793. This is usually caused by modded entities declaring methods that have a return type or parameter type that is annotated with @Environment(value=EnvType.CLIENT). Loading the type is not possible, because it only exists in the CLIENT environment. The recommended fix is to annotate the method with this argument or return type with the same annotation. Lithium handles this error by assuming the class cannot be included in some optimizations.
[22:36:26] [Server thread/WARN]: Lithium Class Analysis Error: Class org.betterx.bclib.blocks.BaseBlock cannot be analysed, because getting declared methods crashes with NoClassDefFoundError: net/minecraft/class_793. This is usually caused by modded entities declaring methods that have a return type or parameter type that is annotated with @Environment(value=EnvType.CLIENT). Loading the type is not possible, because it only exists in the CLIENT environment. The recommended fix is to annotate the method with this argument or return type with the same annotation. Lithium handles this error by assuming the class cannot be included in some optimizations.
[22:36:26] [Server thread/WARN]: Lithium Class Analysis Error: Class org.betterx.bclib.blocks.BaseBlock cannot be analysed, because getting declared methods crashes with NoClassDefFoundError: net/minecraft/class_793. This is usually caused by modded entities declaring methods that have a return type or parameter type that is annotated with @Environment(value=EnvType.CLIENT). Loading the type is not possible, because it only exists in the CLIENT environment. The recommended fix is to annotate the method with this argument or return type with the same annotation. Lithium handles this error by assuming the class cannot be included in some optimizations.
[22:36:26] [Server thread/WARN]: Lithium Class Analysis Error: Class org.betterx.bclib.blocks.BaseBlock cannot be analysed, because getting declared methods crashes with NoClassDefFoundError: net/minecraft/class_793. This is usually caused by modded entities declaring methods that have a return type or parameter type that is annotated with @Environment(value=EnvType.CLIENT). Loading the type is not possible, because it only exists in the CLIENT environment. The recommended fix is to annotate the method with this argument or return type with the same annotation. Lithium handles this error by assuming the class cannot be included in some optimizations.
[22:36:26] [Server thread/WARN]: Lithium Class Analysis Error: Class org.betterx.bclib.blocks.BaseBlock cannot be analysed, because getting declared methods crashes with NoClassDefFoundError: net/minecraft/class_793. This is usually caused by modded entities declaring methods that have a return type or parameter type that is annotated with @Environment(value=EnvType.CLIENT). Loading the type is not possible, because it only exists in the CLIENT environment. The recommended fix is to annotate the method with this argument or return type with the same annotation. Lithium handles this error by assuming the class cannot be included in some optimizations.
[22:36:26] [Server thread/WARN]: Lithium Class Analysis Error: Class org.betterx.bclib.blocks.BaseBlock cannot be analysed, because getting declared methods crashes with NoClassDefFoundError: net/minecraft/class_793. This is usually caused by modded entities declaring methods that have a return type or parameter type that is annotated with @Environment(value=EnvType.CLIENT). Loading the type is not possible, because it only exists in the CLIENT environment. The recommended fix is to annotate the method with this argument or return type with the same annotation. Lithium handles this error by assuming the class cannot be included in some optimizations.
[22:36:26] [Server thread/WARN]: Lithium Class Analysis Error: Class org.betterx.bclib.blocks.BaseBlock cannot be analysed, because getting declared methods crashes with NoClassDefFoundError: net/minecraft/class_793. This is usually caused by modded entities declaring methods that have a return type or parameter type that is annotated with @Environment(value=EnvType.CLIENT). Loading the type is not possible, because it only exists in the CLIENT environment. The recommended fix is to annotate the method with this argument or return type with the same annotation. Lithium handles this error by assuming the class cannot be included in some optimizations.
[22:36:26] [Server thread/WARN]: Lithium Class Analysis Error: Class org.betterx.bclib.blocks.BaseBlock cannot be analysed, because getting declared methods crashes with NoClassDefFoundError: net/minecraft/class_793. This is usually caused by modded entities declaring methods that have a return type or parameter type that is annotated with @Environment(value=EnvType.CLIENT). Loading the type is not possible, because it only exists in the CLIENT environment. The recommended fix is to annotate the method with this argument or return type with the same annotation. Lithium handles this error by assuming the class cannot be included in some optimizations.
[22:36:26] [Server thread/WARN]: Lithium Class Analysis Error: Class org.betterx.bclib.blocks.BaseBlock cannot be analysed, because getting declared methods crashes with NoClassDefFoundError: net/minecraft/class_793. This is usually caused by modded entities declaring methods that have a return type or parameter type that is annotated with @Environment(value=EnvType.CLIENT). Loading the type is not possible, because it only exists in the CLIENT environment. The recommended fix is to annotate the method with this argument or return type with the same annotation. Lithium handles this error by assuming the class cannot be included in some optimizations.
[22:36:26] [Server thread/WARN]: Lithium Class Analysis Error: Class org.betterx.bclib.blocks.BaseBlock cannot be analysed, because getting declared methods crashes with NoClassDefFoundError: net/minecraft/class_793. This is usually caused by modded entities declaring methods that have a return type or parameter type that is annotated with @Environment(value=EnvType.CLIENT). Loading the type is not possible, because it only exists in the CLIENT environment. The recommended fix is to annotate the method with this argument or return type with the same annotation. Lithium handles this error by assuming the class cannot be included in some optimizations.
[22:36:26] [Server thread/WARN]: Lithium Class Analysis Error: Class org.betterx.bclib.blocks.BaseBlock cannot be analysed, because getting declared methods crashes with NoClassDefFoundError: net/minecraft/class_793. This is usually caused by modded entities declaring methods that have a return type or parameter type that is annotated with @Environment(value=EnvType.CLIENT). Loading the type is not possible, because it only exists in the CLIENT environment. The recommended fix is to annotate the method with this argument or return type with the same annotation. Lithium handles this error by assuming the class cannot be included in some optimizations.
[22:36:26] [Server thread/WARN]: Lithium Class Analysis Error: Class org.betterx.bclib.blocks.BaseBlock cannot be analysed, because getting declared methods crashes with NoClassDefFoundError: net/minecraft/class_793. This is usually caused by modded entities declaring methods that have a return type or parameter type that is annotated with @Environment(value=EnvType.CLIENT). Loading the type is not possible, because it only exists in the CLIENT environment. The recommended fix is to annotate the method with this argument or return type with the same annotation. Lithium handles this error by assuming the class cannot be included in some optimizations.
[22:36:26] [Server thread/WARN]: Lithium Class Analysis Error: Class org.betterx.bclib.blocks.BaseBlock cannot be analysed, because getting declared methods crashes with NoClassDefFoundError: net/minecraft/class_793. This is usually caused by modded entities declaring methods that have a return type or parameter type that is annotated with @Environment(value=EnvType.CLIENT). Loading the type is not possible, because it only exists in the CLIENT environment. The recommended fix is to annotate the method with this argument or return type with the same annotation. Lithium handles this error by assuming the class cannot be included in some optimizations.
[22:36:26] [Server thread/WARN]: Lithium Class Analysis Error: Class org.betterx.bclib.blocks.BaseBlock cannot be analysed, because getting declared methods crashes with NoClassDefFoundError: net/minecraft/class_793. This is usually caused by modded entities declaring methods that have a return type or parameter type that is annotated with @Environment(value=EnvType.CLIENT). Loading the type is not possible, because it only exists in the CLIENT environment. The recommended fix is to annotate the method with this argument or return type with the same annotation. Lithium handles this error by assuming the class cannot be included in some optimizations.
[22:36:26] [Server thread/WARN]: Lithium Class Analysis Error: Class org.betterx.bclib.blocks.BaseBlock cannot be analysed, because getting declared methods crashes with NoClassDefFoundError: net/minecraft/class_793. This is usually caused by modded entities declaring methods that have a return type or parameter type that is annotated with @Environment(value=EnvType.CLIENT). Loading the type is not possible, because it only exists in the CLIENT environment. The recommended fix is to annotate the method with this argument or return type with the same annotation. Lithium handles this error by assuming the class cannot be included in some optimizations.
[22:36:26] [Server thread/WARN]: Lithium Class Analysis Error: Class org.betterx.bclib.blocks.BaseBlock cannot be analysed, because getting declared methods crashes with NoClassDefFoundError: net/minecraft/class_793. This is usually caused by modded entities declaring methods that have a return type or parameter type that is annotated with @Environment(value=EnvType.CLIENT). Loading the type is not possible, because it only exists in the CLIENT environment. The recommended fix is to annotate the method with this argument or return type with the same annotation. Lithium handles this error by assuming the class cannot be included in some optimizations.
[22:36:26] [Server thread/WARN]: Lithium Class Analysis Error: Class org.betterx.bclib.blocks.BaseBlock cannot be analysed, because getting declared methods crashes with NoClassDefFoundError: net/minecraft/class_793. This is usually caused by modded entities declaring methods that have a return type or parameter type that is annotated with @Environment(value=EnvType.CLIENT). Loading the type is not possible, because it only exists in the CLIENT environment. The recommended fix is to annotate the method with this argument or return type with the same annotation. Lithium handles this error by assuming the class cannot be included in some optimizations.
[22:36:26] [Server thread/WARN]: Lithium Class Analysis Error: Class org.betterx.bclib.blocks.BaseBlock cannot be analysed, because getting declared methods crashes with NoClassDefFoundError: net/minecraft/class_793. This is usually caused by modded entities declaring methods that have a return type or parameter type that is annotated with @Environment(value=EnvType.CLIENT). Loading the type is not possible, because it only exists in the CLIENT environment. The recommended fix is to annotate the method with this argument or return type with the same annotation. Lithium handles this error by assuming the class cannot be included in some optimizations.
[22:36:26] [Server thread/WARN]: Lithium Class Analysis Error: Class org.betterx.bclib.blocks.BaseBlock cannot be analysed, because getting declared methods crashes with NoClassDefFoundError: net/minecraft/class_793. This is usually caused by modded entities declaring methods that have a return type or parameter type that is annotated with @Environment(value=EnvType.CLIENT). Loading the type is not possible, because it only exists in the CLIENT environment. The recommended fix is to annotate the method with this argument or return type with the same annotation. Lithium handles this error by assuming the class cannot be included in some optimizations.
[22:36:27] [Server thread/WARN]: Lithium Class Analysis Error: Class org.betterx.bclib.blocks.BaseBlock cannot be analysed, because getting declared methods crashes with NoClassDefFoundError: net/minecraft/class_793. This is usually caused by modded entities declaring methods that have a return type or parameter type that is annotated with @Environment(value=EnvType.CLIENT). Loading the type is not possible, because it only exists in the CLIENT environment. The recommended fix is to annotate the method with this argument or return type with the same annotation. Lithium handles this error by assuming the class cannot be included in some optimizations.
[22:36:27] [Server thread/WARN]: Lithium Class Analysis Error: Class org.betterx.bclib.blocks.BaseBlock cannot be analysed, because getting declared methods crashes with NoClassDefFoundError: net/minecraft/class_793. This is usually caused by modded entities declaring methods that have a return type or parameter type that is annotated with @Environment(value=EnvType.CLIENT). Loading the type is not possible, because it only exists in the CLIENT environment. The recommended fix is to annotate the method with this argument or return type with the same annotation. Lithium handles this error by assuming the class cannot be included in some optimizations.
[22:36:27] [Server thread/WARN]: Lithium Class Analysis Error: Class org.betterx.bclib.blocks.BaseBlock cannot be analysed, because getting declared methods crashes with NoClassDefFoundError: net/minecraft/class_793. This is usually caused by modded entities declaring methods that have a return type or parameter type that is annotated with @Environment(value=EnvType.CLIENT). Loading the type is not possible, because it only exists in the CLIENT environment. The recommended fix is to annotate the method with this argument or return type with the same annotation. Lithium handles this error by assuming the class cannot be included in some optimizations.
[22:36:27] [Server thread/WARN]: Lithium Class Analysis Error: Class org.betterx.bclib.blocks.BaseBlock cannot be analysed, because getting declared methods crashes with NoClassDefFoundError: net/minecraft/class_793. This is usually caused by modded entities declaring methods that have a return type or parameter type that is annotated with @Environment(value=EnvType.CLIENT). Loading the type is not possible, because it only exists in the CLIENT environment. The recommended fix is to annotate the method with this argument or return type with the same annotation. Lithium handles this error by assuming the class cannot be included in some optimizations.
[22:36:27] [Server thread/WARN]: Lithium Class Analysis Error: Class org.betterx.bclib.blocks.BaseBlock cannot be analysed, because getting declared methods crashes with NoClassDefFoundError: net/minecraft/class_793. This is usually caused by modded entities declaring methods that have a return type or parameter type that is annotated with @Environment(value=EnvType.CLIENT). Loading the type is not possible, because it only exists in the CLIENT environment. The recommended fix is to annotate the method with this argument or return type with the same annotation. Lithium handles this error by assuming the class cannot be included in some optimizations.
[22:36:27] [Server thread/WARN]: Lithium Class Analysis Error: Class org.betterx.bclib.blocks.BaseBlock cannot be analysed, because getting declared methods crashes with NoClassDefFoundError: net/minecraft/class_793. This is usually caused by modded entities declaring methods that have a return type or parameter type that is annotated with @Environment(value=EnvType.CLIENT). Loading the type is not possible, because it only exists in the CLIENT environment. The recommended fix is to annotate the method with this argument or return type with the same annotation. Lithium handles this error by assuming the class cannot be included in some optimizations.
[22:36:27] [Server thread/WARN]: Lithium Class Analysis Error: Class org.betterx.bclib.blocks.BaseBlock cannot be analysed, because getting declared methods crashes with NoClassDefFoundError: net/minecraft/class_793. This is usually caused by modded entities declaring methods that have a return type or parameter type that is annotated with @Environment(value=EnvType.CLIENT). Loading the type is not possible, because it only exists in the CLIENT environment. The recommended fix is to annotate the method with this argument or return type with the same annotation. Lithium handles this error by assuming the class cannot be included in some optimizations.
[22:36:27] [Server thread/WARN]: Lithium Class Analysis Error: Class org.betterx.bclib.blocks.BaseBlock cannot be analysed, because getting declared methods crashes with NoClassDefFoundError: net/minecraft/class_793. This is usually caused by modded entities declaring methods that have a return type or parameter type that is annotated with @Environment(value=EnvType.CLIENT). Loading the type is not possible, because it only exists in the CLIENT environment. The recommended fix is to annotate the method with this argument or return type with the same annotation. Lithium handles this error by assuming the class cannot be included in some optimizations.
[22:36:27] [Server thread/WARN]: Lithium Class Analysis Error: Class org.betterx.bclib.blocks.BaseBlock cannot be analysed, because getting declared methods crashes with NoClassDefFoundError: net/minecraft/class_793. This is usually caused by modded entities declaring methods that have a return type or parameter type that is annotated with @Environment(value=EnvType.CLIENT). Loading the type is not possible, because it only exists in the CLIENT environment. The recommended fix is to annotate the method with this argument or return type with the same annotation. Lithium handles this error by assuming the class cannot be included in some optimizations.
[22:36:27] [Server thread/WARN]: Lithium Class Analysis Error: Class org.betterx.bclib.blocks.BaseBlock cannot be analysed, because getting declared methods crashes with NoClassDefFoundError: net/minecraft/class_793. This is usually caused by modded entities declaring methods that have a return type or parameter type that is annotated with @Environment(value=EnvType.CLIENT). Loading the type is not possible, because it only exists in the CLIENT environment. The recommended fix is to annotate the method with this argument or return type with the same annotation. Lithium handles this error by assuming the class cannot be included in some optimizations.
[22:36:27] [Server thread/WARN]: Lithium Class Analysis Error: Class org.betterx.bclib.blocks.BaseBlock cannot be analysed, because getting declared methods crashes with NoClassDefFoundError: net/minecraft/class_793. This is usually caused by modded entities declaring methods that have a return type or parameter type that is annotated with @Environment(value=EnvType.CLIENT). Loading the type is not possible, because it only exists in the CLIENT environment. The recommended fix is to annotate the method with this argument or return type with the same annotation. Lithium handles this error by assuming the class cannot be included in some optimizations.
[22:36:27] [Server thread/WARN]: Lithium Class Analysis Error: Class org.betterx.bclib.blocks.BaseBlock cannot be analysed, because getting declared methods crashes with NoClassDefFoundError: net/minecraft/class_793. This is usually caused by modded entities declaring methods that have a return type or parameter type that is annotated with @Environment(value=EnvType.CLIENT). Loading the type is not possible, because it only exists in the CLIENT environment. The recommended fix is to annotate the method with this argument or return type with the same annotation. Lithium handles this error by assuming the class cannot be included in some optimizations.
[22:36:27] [Server thread/WARN]: Lithium Class Analysis Error: Class org.betterx.bclib.blocks.BaseBlock cannot be analysed, because getting declared methods crashes with NoClassDefFoundError: net/minecraft/class_793. This is usually caused by modded entities declaring methods that have a return type or parameter type that is annotated with @Environment(value=EnvType.CLIENT). Loading the type is not possible, because it only exists in the CLIENT environment. The recommended fix is to annotate the method with this argument or return type with the same annotation. Lithium handles this error by assuming the class cannot be included in some optimizations.
[22:36:27] [Server thread/WARN]: Lithium Class Analysis Error: Class org.betterx.bclib.blocks.BaseBlock cannot be analysed, because getting declared methods crashes with NoClassDefFoundError: net/minecraft/class_793. This is usually caused by modded entities declaring methods that have a return type or parameter type that is annotated with @Environment(value=EnvType.CLIENT). Loading the type is not possible, because it only exists in the CLIENT environment. The recommended fix is to annotate the method with this argument or return type with the same annotation. Lithium handles this error by assuming the class cannot be included in some optimizations.
[22:36:27] [Server thread/WARN]: Lithium Class Analysis Error: Class org.betterx.bclib.blocks.BaseBlock cannot be analysed, because getting declared methods crashes with NoClassDefFoundError: net/minecraft/class_793. This is usually caused by modded entities declaring methods that have a return type or parameter type that is annotated with @Environment(value=EnvType.CLIENT). Loading the type is not possible, because it only exists in the CLIENT environment. The recommended fix is to annotate the method with this argument or return type with the same annotation. Lithium handles this error by assuming the class cannot be included in some optimizations.
[22:36:27] [Server thread/WARN]: Lithium Class Analysis Error: Class org.betterx.bclib.blocks.BaseBlock cannot be analysed, because getting declared methods crashes with NoClassDefFoundError: net/minecraft/class_793. This is usually caused by modded entities declaring methods that have a return type or parameter type that is annotated with @Environment(value=EnvType.CLIENT). Loading the type is not possible, because it only exists in the CLIENT environment. The recommended fix is to annotate the method with this argument or return type with the same annotation. Lithium handles this error by assuming the class cannot be included in some optimizations.
[22:36:27] [Server thread/WARN]: Lithium Class Analysis Error: Class org.betterx.bclib.blocks.BaseBlock cannot be analysed, because getting declared methods crashes with NoClassDefFoundError: net/minecraft/class_793. This is usually caused by modded entities declaring methods that have a return type or parameter type that is annotated with @Environment(value=EnvType.CLIENT). Loading the type is not possible, because it only exists in the CLIENT environment. The recommended fix is to annotate the method with this argument or return type with the same annotation. Lithium handles this error by assuming the class cannot be included in some optimizations.
[22:36:27] [Server thread/WARN]: Lithium Class Analysis Error: Class org.betterx.bclib.blocks.BaseBlock cannot be analysed, because getting declared methods crashes with NoClassDefFoundError: net/minecraft/class_793. This is usually caused by modded entities declaring methods that have a return type or parameter type that is annotated with @Environment(value=EnvType.CLIENT). Loading the type is not possible, because it only exists in the CLIENT environment. The recommended fix is to annotate the method with this argument or return type with the same annotation. Lithium handles this error by assuming the class cannot be included in some optimizations.
[22:36:27] [Server thread/WARN]: Lithium Class Analysis Error: Class org.betterx.bclib.blocks.BaseBlock cannot be analysed, because getting declared methods crashes with NoClassDefFoundError: net/minecraft/class_793. This is usually caused by modded entities declaring methods that have a return type or parameter type that is annotated with @Environment(value=EnvType.CLIENT). Loading the type is not possible, because it only exists in the CLIENT environment. The recommended fix is to annotate the method with this argument or return type with the same annotation. Lithium handles this error by assuming the class cannot be included in some optimizations.
[22:36:27] [Server thread/WARN]: Lithium Class Analysis Error: Class org.betterx.bclib.blocks.BaseBlock cannot be analysed, because getting declared methods crashes with NoClassDefFoundError: net/minecraft/class_793. This is usually caused by modded entities declaring methods that have a return type or parameter type that is annotated with @Environment(value=EnvType.CLIENT). Loading the type is not possible, because it only exists in the CLIENT environment. The recommended fix is to annotate the method with this argument or return type with the same annotation. Lithium handles this error by assuming the class cannot be included in some optimizations.
[22:36:27] [Server thread/WARN]: Lithium Class Analysis Error: Class org.betterx.bclib.blocks.BaseBlock cannot be analysed, because getting declared methods crashes with NoClassDefFoundError: net/minecraft/class_793. This is usually caused by modded entities declaring methods that have a return type or parameter type that is annotated with @Environment(value=EnvType.CLIENT). Loading the type is not possible, because it only exists in the CLIENT environment. The recommended fix is to annotate the method with this argument or return type with the same annotation. Lithium handles this error by assuming the class cannot be included in some optimizations.
[22:36:27] [Server thread/WARN]: Lithium Class Analysis Error: Class org.betterx.bclib.blocks.BaseBlock cannot be analysed, because getting declared methods crashes with NoClassDefFoundError: net/minecraft/class_793. This is usually caused by modded entities declaring methods that have a return type or parameter type that is annotated with @Environment(value=EnvType.CLIENT). Loading the type is not possible, because it only exists in the CLIENT environment. The recommended fix is to annotate the method with this argument or return type with the same annotation. Lithium handles this error by assuming the class cannot be included in some optimizations.
[22:36:27] [Server thread/WARN]: Lithium Class Analysis Error: Class org.betterx.bclib.blocks.BaseBlock cannot be analysed, because getting declared methods crashes with NoClassDefFoundError: net/minecraft/class_793. This is usually caused by modded entities declaring methods that have a return type or parameter type that is annotated with @Environment(value=EnvType.CLIENT). Loading the type is not possible, because it only exists in the CLIENT environment. The recommended fix is to annotate the method with this argument or return type with the same annotation. Lithium handles this error by assuming the class cannot be included in some optimizations.
[22:36:27] [Server thread/WARN]: Lithium Class Analysis Error: Class org.betterx.bclib.blocks.BaseBlock cannot be analysed, because getting declared methods crashes with NoClassDefFoundError: net/minecraft/class_793. This is usually caused by modded entities declaring methods that have a return type or parameter type that is annotated with @Environment(value=EnvType.CLIENT). Loading the type is not possible, because it only exists in the CLIENT environment. The recommended fix is to annotate the method with this argument or return type with the same annotation. Lithium handles this error by assuming the class cannot be included in some optimizations.
[22:36:30] [Server thread/WARN]: Lithium Class Analysis Error: Class org.betterx.bclib.blocks.BaseBlock cannot be analysed, because getting declared methods crashes with NoClassDefFoundError: net/minecraft/class_793. This is usually caused by modded entities declaring methods that have a return type or parameter type that is annotated with @Environment(value=EnvType.CLIENT). Loading the type is not possible, because it only exists in the CLIENT environment. The recommended fix is to annotate the method with this argument or return type with the same annotation. Lithium handles this error by assuming the class cannot be included in some optimizations.
[22:36:31] [Server thread/WARN]: Lithium Class Analysis Error: Class org.betterx.bclib.blocks.BaseBlock cannot be analysed, because getting declared methods crashes with NoClassDefFoundError: net/minecraft/class_793. This is usually caused by modded entities declaring methods that have a return type or parameter type that is annotated with @Environment(value=EnvType.CLIENT). Loading the type is not possible, because it only exists in the CLIENT environment. The recommended fix is to annotate the method with this argument or return type with the same annotation. Lithium handles this error by assuming the class cannot be included in some optimizations.
[22:36:31] [Server thread/WARN]: Lithium Class Analysis Error: Class org.betterx.bclib.blocks.BaseBlock cannot be analysed, because getting declared methods crashes with NoClassDefFoundError: net/minecraft/class_793. This is usually caused by modded entities declaring methods that have a return type or parameter type that is annotated with @Environment(value=EnvType.CLIENT). Loading the type is not possible, because it only exists in the CLIENT environment. The recommended fix is to annotate the method with this argument or return type with the same annotation. Lithium handles this error by assuming the class cannot be included in some optimizations.
[22:36:31] [Server thread/WARN]: Lithium Class Analysis Error: Class org.betterx.bclib.blocks.BaseBlock cannot be analysed, because getting declared methods crashes with NoClassDefFoundError: net/minecraft/class_793. This is usually caused by modded entities declaring methods that have a return type or parameter type that is annotated with @Environment(value=EnvType.CLIENT). Loading the type is not possible, because it only exists in the CLIENT environment. The recommended fix is to annotate the method with this argument or return type with the same annotation. Lithium handles this error by assuming the class cannot be included in some optimizations.
[22:36:31] [Server thread/WARN]: Lithium Class Analysis Error: Class org.betterx.bclib.blocks.BaseBlock cannot be analysed, because getting declared methods crashes with NoClassDefFoundError: net/minecraft/class_793. This is usually caused by modded entities declaring methods that have a return type or parameter type that is annotated with @Environment(value=EnvType.CLIENT). Loading the type is not possible, because it only exists in the CLIENT environment. The recommended fix is to annotate the method with this argument or return type with the same annotation. Lithium handles this error by assuming the class cannot be included in some optimizations.
[22:36:32] [Server thread/WARN]: Lithium Class Analysis Error: Class org.betterx.bclib.blocks.BaseBlock cannot be analysed, because getting declared methods crashes with NoClassDefFoundError: net/minecraft/class_793. This is usually caused by modded entities declaring methods that have a return type or parameter type that is annotated with @Environment(value=EnvType.CLIENT). Loading the type is not possible, because it only exists in the CLIENT environment. The recommended fix is to annotate the method with this argument or return type with the same annotation. Lithium handles this error by assuming the class cannot be included in some optimizations.
[22:36:32] [Server thread/WARN]: Lithium Class Analysis Error: Class org.betterx.bclib.blocks.BaseBlock cannot be analysed, because getting declared methods crashes with NoClassDefFoundError: net/minecraft/class_793. This is usually caused by modded entities declaring methods that have a return type or parameter type that is annotated with @Environment(value=EnvType.CLIENT). Loading the type is not possible, because it only exists in the CLIENT environment. The recommended fix is to annotate the method with this argument or return type with the same annotation. Lithium handles this error by assuming the class cannot be included in some optimizations.
[22:36:34] [Server thread/WARN]: Lithium Class Analysis Error: Class org.betterx.bclib.blocks.BaseBlock cannot be analysed, because getting declared methods crashes with NoClassDefFoundError: net/minecraft/class_793. This is usually caused by modded entities declaring methods that have a return type or parameter type that is annotated with @Environment(value=EnvType.CLIENT). Loading the type is not possible, because it only exists in the CLIENT environment. The recommended fix is to annotate the method with this argument or return type with the same annotation. Lithium handles this error by assuming the class cannot be included in some optimizations.
[22:36:38] [Server thread/WARN]: Lithium Class Analysis Error: Class org.betterx.bclib.blocks.BaseBlock cannot be analysed, because getting declared methods crashes with NoClassDefFoundError: net/minecraft/class_793. This is usually caused by modded entities declaring methods that have a return type or parameter type that is annotated with @Environment(value=EnvType.CLIENT). Loading the type is not possible, because it only exists in the CLIENT environment. The recommended fix is to annotate the method with this argument or return type with the same annotation. Lithium handles this error by assuming the class cannot be included in some optimizations.
[22:36:41] [Worker-Main-3/WARN]: Lithium Class Analysis Error: Class org.betterx.bclib.blocks.BaseBlock cannot be analysed, because getting declared methods crashes with NoClassDefFoundError: net/minecraft/class_793. This is usually caused by modded entities declaring methods that have a return type or parameter type that is annotated with @Environment(value=EnvType.CLIENT). Loading the type is not possible, because it only exists in the CLIENT environment. The recommended fix is to annotate the method with this argument or return type with the same annotation. Lithium handles this error by assuming the class cannot be included in some optimizations.
[22:36:41] [Worker-Main-3/WARN]: Lithium Class Analysis Error: Class org.betterx.bclib.blocks.BaseBlock cannot be analysed, because getting declared methods crashes with NoClassDefFoundError: net/minecraft/class_793. This is usually caused by modded entities declaring methods that have a return type or parameter type that is annotated with @Environment(value=EnvType.CLIENT). Loading the type is not possible, because it only exists in the CLIENT environment. The recommended fix is to annotate the method with this argument or return type with the same annotation. Lithium handles this error by assuming the class cannot be included in some optimizations.
[22:36:41] [Worker-Main-3/WARN]: Lithium Class Analysis Error: Class org.betterx.bclib.blocks.BaseLeavesBlock cannot be analysed, because getting declared methods crashes with NoClassDefFoundError: net/minecraft/class_793. This is usually caused by modded entities declaring methods that have a return type or parameter type that is annotated with @Environment(value=EnvType.CLIENT). Loading the type is not possible, because it only exists in the CLIENT environment. The recommended fix is to annotate the method with this argument or return type with the same annotation. Lithium handles this error by assuming the class cannot be included in some optimizations.
[22:36:41] [Worker-Main-3/WARN]: Lithium Class Analysis Error: Class org.betterx.betterend.blocks.basis.StoneLanternBlock cannot be analysed, because getting declared methods crashes with NoClassDefFoundError: net/minecraft/class_326. This is usually caused by modded entities declaring methods that have a return type or parameter type that is annotated with @Environment(value=EnvType.CLIENT). Loading the type is not possible, because it only exists in the CLIENT environment. The recommended fix is to annotate the method with this argument or return type with the same annotation. Lithium handles this error by assuming the class cannot be included in some optimizations.
[22:36:43] [Worker-Main-2/WARN]: Lithium Class Analysis Error: Class org.betterx.bclib.blocks.BaseLeavesBlock cannot be analysed, because getting declared methods crashes with NoClassDefFoundError: net/minecraft/class_793. This is usually caused by modded entities declaring methods that have a return type or parameter type that is annotated with @Environment(value=EnvType.CLIENT). Loading the type is not possible, because it only exists in the CLIENT environment. The recommended fix is to annotate the method with this argument or return type with the same annotation. Lithium handles this error by assuming the class cannot be included in some optimizations.
[22:36:43] [Worker-Main-2/WARN]: Lithium Class Analysis Error: Class org.betterx.bclib.blocks.BaseLeavesBlock cannot be analysed, because getting declared methods crashes with NoClassDefFoundError: net/minecraft/class_793. This is usually caused by modded entities declaring methods that have a return type or parameter type that is annotated with @Environment(value=EnvType.CLIENT). Loading the type is not possible, because it only exists in the CLIENT environment. The recommended fix is to annotate the method with this argument or return type with the same annotation. Lithium handles this error by assuming the class cannot be included in some optimizations.
[22:36:43] [Worker-Main-2/WARN]: Lithium Class Analysis Error: Class org.betterx.bclib.blocks.BaseLeavesBlock cannot be analysed, because getting declared methods crashes with NoClassDefFoundError: net/minecraft/class_793. This is usually caused by modded entities declaring methods that have a return type or parameter type that is annotated with @Environment(value=EnvType.CLIENT). Loading the type is not possible, because it only exists in the CLIENT environment. The recommended fix is to annotate the method with this argument or return type with the same annotation. Lithium handles this error by assuming the class cannot be included in some optimizations.
[22:36:43] [Worker-Main-2/WARN]: Lithium Class Analysis Error: Class org.betterx.bclib.blocks.BaseLeavesBlock cannot be analysed, because getting declared methods crashes with NoClassDefFoundError: net/minecraft/class_793. This is usually caused by modded entities declaring methods that have a return type or parameter type that is annotated with @Environment(value=EnvType.CLIENT). Loading the type is not possible, because it only exists in the CLIENT environment. The recommended fix is to annotate the method with this argument or return type with the same annotation. Lithium handles this error by assuming the class cannot be included in some optimizations.
[22:36:43] [Worker-Main-2/WARN]: Lithium Class Analysis Error: Class org.betterx.bclib.blocks.BaseLeavesBlock cannot be analysed, because getting declared methods crashes with NoClassDefFoundError: net/minecraft/class_793. This is usually caused by modded entities declaring methods that have a return type or parameter type that is annotated with @Environment(value=EnvType.CLIENT). Loading the type is not possible, because it only exists in the CLIENT environment. The recommended fix is to annotate the method with this argument or return type with the same annotation. Lithium handles this error by assuming the class cannot be included in some optimizations.
[22:36:43] [Worker-Main-2/WARN]: Lithium Class Analysis Error: Class org.betterx.bclib.blocks.BaseLeavesBlock cannot be analysed, because getting declared methods crashes with NoClassDefFoundError: net/minecraft/class_793. This is usually caused by modded entities declaring methods that have a return type or parameter type that is annotated with @Environment(value=EnvType.CLIENT). Loading the type is not possible, because it only exists in the CLIENT environment. The recommended fix is to annotate the method with this argument or return type with the same annotation. Lithium handles this error by assuming the class cannot be included in some optimizations.
[22:36:43] [Worker-Main-2/WARN]: Lithium Class Analysis Error: Class org.betterx.bclib.blocks.BaseBlock cannot be analysed, because getting declared methods crashes with NoClassDefFoundError: net/minecraft/class_793. This is usually caused by modded entities declaring methods that have a return type or parameter type that is annotated with @Environment(value=EnvType.CLIENT). Loading the type is not possible, because it only exists in the CLIENT environment. The recommended fix is to annotate the method with this argument or return type with the same annotation. Lithium handles this error by assuming the class cannot be included in some optimizations.
[22:36:43] [Worker-Main-2/WARN]: Lithium Class Analysis Error: Class org.betterx.bclib.blocks.BaseBlock cannot be analysed, because getting declared methods crashes with NoClassDefFoundError: net/minecraft/class_793. This is usually caused by modded entities declaring methods that have a return type or parameter type that is annotated with @Environment(value=EnvType.CLIENT). Loading the type is not possible, because it only exists in the CLIENT environment. The recommended fix is to annotate the method with this argument or return type with the same annotation. Lithium handles this error by assuming the class cannot be included in some optimizations.
[22:36:50] [Server thread/INFO]: [Pilin: Teleported Pilin to zxymatthewyxz]
[22:36:50] [Netty Epoll Server IO #5/INFO]: [do_a_barrel_roll] Client of Pilin accepted server config.
[22:36:53] [Server thread/INFO]: [liamsitol: Teleported liamsitol to -767.500000, 101.500000, 985.500000]
[22:36:54] [Server thread/INFO]: [Pilin: Teleported Pilin to -2181.500000, -9.500000, -744.500000]
[22:36:58] [Netty Epoll Server IO #5/INFO]: [do_a_barrel_roll] Client of Pilin accepted server config.
[22:37:00] [Server thread/INFO]: [Pilin: Teleported Pilin to 317.500000, 97.500000, -982.500000]
[22:37:03] [Server thread/WARN]: Can't keep up! Is the server overloaded? Running 2016ms or 40 ticks behind
[22:37:27] [Server thread/INFO]: [Pilin: Teleported Pilin to 1026.500000, 87.500000, -1204.500000]
[22:37:29] [Server thread/WARN]: Lithium Class Analysis Error: Class org.betterx.bclib.blocks.BaseBlock cannot be analysed, because getting declared methods crashes with NoClassDefFoundError: net/minecraft/class_793. This is usually caused by modded entities declaring methods that have a return type or parameter type that is annotated with @Environment(value=EnvType.CLIENT). Loading the type is not possible, because it only exists in the CLIENT environment. The recommended fix is to annotate the method with this argument or return type with the same annotation. Lithium handles this error by assuming the class cannot be included in some optimizations.
[22:37:29] [Server thread/WARN]: Lithium Class Analysis Error: Class org.betterx.bclib.blocks.BaseBlock cannot be analysed, because getting declared methods crashes with NoClassDefFoundError: net/minecraft/class_793. This is usually caused by modded entities declaring methods that have a return type or parameter type that is annotated with @Environment(value=EnvType.CLIENT). Loading the type is not possible, because it only exists in the CLIENT environment. The recommended fix is to annotate the method with this argument or return type with the same annotation. Lithium handles this error by assuming the class cannot be included in some optimizations.
[22:37:31] [Server thread/WARN]: Lithium Class Analysis Error: Class org.betterx.bclib.blocks.BaseBlock cannot be analysed, because getting declared methods crashes with NoClassDefFoundError: net/minecraft/class_793. This is usually caused by modded entities declaring methods that have a return type or parameter type that is annotated with @Environment(value=EnvType.CLIENT). Loading the type is not possible, because it only exists in the CLIENT environment. The recommended fix is to annotate the method with this argument or return type with the same annotation. Lithium handles this error by assuming the class cannot be included in some optimizations.
[22:37:31] [Server thread/WARN]: Lithium Class Analysis Error: Class org.betterx.bclib.blocks.BaseBlock cannot be analysed, because getting declared methods crashes with NoClassDefFoundError: net/minecraft/class_793. This is usually caused by modded entities declaring methods that have a return type or parameter type that is annotated with @Environment(value=EnvType.CLIENT). Loading the type is not possible, because it only exists in the CLIENT environment. The recommended fix is to annotate the method with this argument or return type with the same annotation. Lithium handles this error by assuming the class cannot be included in some optimizations.
[22:37:31] [Server thread/WARN]: Lithium Class Analysis Error: Class org.betterx.bclib.blocks.BaseBlock cannot be analysed, because getting declared methods crashes with NoClassDefFoundError: net/minecraft/class_793. This is usually caused by modded entities declaring methods that have a return type or parameter type that is annotated with @Environment(value=EnvType.CLIENT). Loading the type is not possible, because it only exists in the CLIENT environment. The recommended fix is to annotate the method with this argument or return type with the same annotation. Lithium handles this error by assuming the class cannot be included in some optimizations.
[22:37:31] [Server thread/WARN]: Lithium Class Analysis Error: Class org.betterx.bclib.blocks.BaseBlock cannot be analysed, because getting declared methods crashes with NoClassDefFoundError: net/minecraft/class_793. This is usually caused by modded entities declaring methods that have a return type or parameter type that is annotated with @Environment(value=EnvType.CLIENT). Loading the type is not possible, because it only exists in the CLIENT environment. The recommended fix is to annotate the method with this argument or return type with the same annotation. Lithium handles this error by assuming the class cannot be included in some optimizations.
[22:37:31] [Server thread/WARN]: Lithium Class Analysis Error: Class org.betterx.bclib.blocks.BaseBlock cannot be analysed, because getting declared methods crashes with NoClassDefFoundError: net/minecraft/class_793. This is usually caused by modded entities declaring methods that have a return type or parameter type that is annotated with @Environment(value=EnvType.CLIENT). Loading the type is not possible, because it only exists in the CLIENT environment. The recommended fix is to annotate the method with this argument or return type with the same annotation. Lithium handles this error by assuming the class cannot be included in some optimizations.
[22:37:31] [Server thread/WARN]: Lithium Class Analysis Error: Class org.betterx.bclib.blocks.BaseBlock cannot be analysed, because getting declared methods crashes with NoClassDefFoundError: net/minecraft/class_793. This is usually caused by modded entities declaring methods that have a return type or parameter type that is annotated with @Environment(value=EnvType.CLIENT). Loading the type is not possible, because it only exists in the CLIENT environment. The recommended fix is to annotate the method with this argument or return type with the same annotation. Lithium handles this error by assuming the class cannot be included in some optimizations.
[22:37:31] [Server thread/WARN]: Lithium Class Analysis Error: Class org.betterx.bclib.blocks.BaseBlock cannot be analysed, because getting declared methods crashes with NoClassDefFoundError: net/minecraft/class_793. This is usually caused by modded entities declaring methods that have a return type or parameter type that is annotated with @Environment(value=EnvType.CLIENT). Loading the type is not possible, because it only exists in the CLIENT environment. The recommended fix is to annotate the method with this argument or return type with the same annotation. Lithium handles this error by assuming the class cannot be included in some optimizations.
[22:37:31] [Server thread/WARN]: Lithium Class Analysis Error: Class org.betterx.bclib.blocks.BaseBlock cannot be analysed, because getting declared methods crashes with NoClassDefFoundError: net/minecraft/class_793. This is usually caused by modded entities declaring methods that have a return type or parameter type that is annotated with @Environment(value=EnvType.CLIENT). Loading the type is not possible, because it only exists in the CLIENT environment. The recommended fix is to annotate the method with this argument or return type with the same annotation. Lithium handles this error by assuming the class cannot be included in some optimizations.
[22:37:31] [Server thread/WARN]: Lithium Class Analysis Error: Class org.betterx.bclib.blocks.BaseBlock cannot be analysed, because getting declared methods crashes with NoClassDefFoundError: net/minecraft/class_793. This is usually caused by modded entities declaring methods that have a return type or parameter type that is annotated with @Environment(value=EnvType.CLIENT). Loading the type is not possible, because it only exists in the CLIENT environment. The recommended fix is to annotate the method with this argument or return type with the same annotation. Lithium handles this error by assuming the class cannot be included in some optimizations.
[22:37:31] [Server thread/WARN]: Lithium Class Analysis Error: Class org.betterx.bclib.blocks.BaseBlock cannot be analysed, because getting declared methods crashes with NoClassDefFoundError: net/minecraft/class_793. This is usually caused by modded entities declaring methods that have a return type or parameter type that is annotated with @Environment(value=EnvType.CLIENT). Loading the type is not possible, because it only exists in the CLIENT environment. The recommended fix is to annotate the method with this argument or return type with the same annotation. Lithium handles this error by assuming the class cannot be included in some optimizations.
[22:37:31] [Server thread/WARN]: Lithium Class Analysis Error: Class org.betterx.bclib.blocks.BaseBlock cannot be analysed, because getting declared methods crashes with NoClassDefFoundError: net/minecraft/class_793. This is usually caused by modded entities declaring methods that have a return type or parameter type that is annotated with @Environment(value=EnvType.CLIENT). Loading the type is not possible, because it only exists in the CLIENT environment. The recommended fix is to annotate the method with this argument or return type with the same annotation. Lithium handles this error by assuming the class cannot be included in some optimizations.
[22:37:31] [Server thread/WARN]: Lithium Class Analysis Error: Class org.betterx.bclib.blocks.BaseBlock cannot be analysed, because getting declared methods crashes with NoClassDefFoundError: net/minecraft/class_793. This is usually caused by modded entities declaring methods that have a return type or parameter type that is annotated with @Environment(value=EnvType.CLIENT). Loading the type is not possible, because it only exists in the CLIENT environment. The recommended fix is to annotate the method with this argument or return type with the same annotation. Lithium handles this error by assuming the class cannot be included in some optimizations.
[22:37:31] [Server thread/WARN]: Lithium Class Analysis Error: Class org.betterx.bclib.blocks.BaseBlock cannot be analysed, because getting declared methods crashes with NoClassDefFoundError: net/minecraft/class_793. This is usually caused by modded entities declaring methods that have a return type or parameter type that is annotated with @Environment(value=EnvType.CLIENT). Loading the type is not possible, because it only exists in the CLIENT environment. The recommended fix is to annotate the method with this argument or return type with the same annotation. Lithium handles this error by assuming the class cannot be included in some optimizations.
[22:37:31] [Server thread/WARN]: Lithium Class Analysis Error: Class org.betterx.bclib.blocks.BaseBlock cannot be analysed, because getting declared methods crashes with NoClassDefFoundError: net/minecraft/class_793. This is usually caused by modded entities declaring methods that have a return type or parameter type that is annotated with @Environment(value=EnvType.CLIENT). Loading the type is not possible, because it only exists in the CLIENT environment. The recommended fix is to annotate the method with this argument or return type with the same annotation. Lithium handles this error by assuming the class cannot be included in some optimizations.
[22:37:31] [Server thread/WARN]: Lithium Class Analysis Error: Class org.betterx.bclib.blocks.BaseBlock cannot be analysed, because getting declared methods crashes with NoClassDefFoundError: net/minecraft/class_793. This is usually caused by modded entities declaring methods that have a return type or parameter type that is annotated with @Environment(value=EnvType.CLIENT). Loading the type is not possible, because it only exists in the CLIENT environment. The recommended fix is to annotate the method with this argument or return type with the same annotation. Lithium handles this error by assuming the class cannot be included in some optimizations.
[22:37:31] [Server thread/WARN]: Lithium Class Analysis Error: Class org.betterx.bclib.blocks.BaseBlock cannot be analysed, because getting declared methods crashes with NoClassDefFoundError: net/minecraft/class_793. This is usually caused by modded entities declaring methods that have a return type or parameter type that is annotated with @Environment(value=EnvType.CLIENT). Loading the type is not possible, because it only exists in the CLIENT environment. The recommended fix is to annotate the method with this argument or return type with the same annotation. Lithium handles this error by assuming the class cannot be included in some optimizations.
[22:37:31] [Server thread/WARN]: Lithium Class Analysis Error: Class org.betterx.bclib.blocks.BaseBlock cannot be analysed, because getting declared methods crashes with NoClassDefFoundError: net/minecraft/class_793. This is usually caused by modded entities declaring methods that have a return type or parameter type that is annotated with @Environment(value=EnvType.CLIENT). Loading the type is not possible, because it only exists in the CLIENT environment. The recommended fix is to annotate the method with this argument or return type with the same annotation. Lithium handles this error by assuming the class cannot be included in some optimizations.
[22:37:31] [Server thread/WARN]: Lithium Class Analysis Error: Class org.betterx.bclib.blocks.BaseBlock cannot be analysed, because getting declared methods crashes with NoClassDefFoundError: net/minecraft/class_793. This is usually caused by modded entities declaring methods that have a return type or parameter type that is annotated with @Environment(value=EnvType.CLIENT). Loading the type is not possible, because it only exists in the CLIENT environment. The recommended fix is to annotate the method with this argument or return type with the same annotation. Lithium handles this error by assuming the class cannot be included in some optimizations.
[22:37:31] [Server thread/WARN]: Lithium Class Analysis Error: Class org.betterx.bclib.blocks.BaseBlock cannot be analysed, because getting declared methods crashes with NoClassDefFoundError: net/minecraft/class_793. This is usually caused by modded entities declaring methods that have a return type or parameter type that is annotated with @Environment(value=EnvType.CLIENT). Loading the type is not possible, because it only exists in the CLIENT environment. The recommended fix is to annotate the method with this argument or return type with the same annotation. Lithium handles this error by assuming the class cannot be included in some optimizations.
[22:37:31] [Server thread/WARN]: Lithium Class Analysis Error: Class org.betterx.bclib.blocks.BaseBlock cannot be analysed, because getting declared methods crashes with NoClassDefFoundError: net/minecraft/class_793. This is usually caused by modded entities declaring methods that have a return type or parameter type that is annotated with @Environment(value=EnvType.CLIENT). Loading the type is not possible, because it only exists in the CLIENT environment. The recommended fix is to annotate the method with this argument or return type with the same annotation. Lithium handles this error by assuming the class cannot be included in some optimizations.
[22:37:31] [Server thread/WARN]: Lithium Class Analysis Error: Class org.betterx.bclib.blocks.BaseBlock cannot be analysed, because getting declared methods crashes with NoClassDefFoundError: net/minecraft/class_793. This is usually caused by modded entities declaring methods that have a return type or parameter type that is annotated with @Environment(value=EnvType.CLIENT). Loading the type is not possible, because it only exists in the CLIENT environment. The recommended fix is to annotate the method with this argument or return type with the same annotation. Lithium handles this error by assuming the class cannot be included in some optimizations.
[22:37:31] [Server thread/WARN]: Lithium Class Analysis Error: Class org.betterx.bclib.blocks.BaseBlock cannot be analysed, because getting declared methods crashes with NoClassDefFoundError: net/minecraft/class_793. This is usually caused by modded entities declaring methods that have a return type or parameter type that is annotated with @Environment(value=EnvType.CLIENT). Loading the type is not possible, because it only exists in the CLIENT environment. The recommended fix is to annotate the method with this argument or return type with the same annotation. Lithium handles this error by assuming the class cannot be included in some optimizations.
[22:37:31] [Server thread/WARN]: Lithium Class Analysis Error: Class org.betterx.bclib.blocks.BaseBlock cannot be analysed, because getting declared methods crashes with NoClassDefFoundError: net/minecraft/class_793. This is usually caused by modded entities declaring methods that have a return type or parameter type that is annotated with @Environment(value=EnvType.CLIENT). Loading the type is not possible, because it only exists in the CLIENT environment. The recommended fix is to annotate the method with this argument or return type with the same annotation. Lithium handles this error by assuming the class cannot be included in some optimizations.
[22:37:31] [Server thread/WARN]: Lithium Class Analysis Error: Class org.betterx.bclib.blocks.BaseBlock cannot be analysed, because getting declared methods crashes with NoClassDefFoundError: net/minecraft/class_793. This is usually caused by modded entities declaring methods that have a return type or parameter type that is annotated with @Environment(value=EnvType.CLIENT). Loading the type is not possible, because it only exists in the CLIENT environment. The recommended fix is to annotate the method with this argument or return type with the same annotation. Lithium handles this error by assuming the class cannot be included in some optimizations.
[22:37:31] [Server thread/WARN]: Lithium Class Analysis Error: Class org.betterx.bclib.blocks.BaseBlock cannot be analysed, because getting declared methods crashes with NoClassDefFoundError: net/minecraft/class_793. This is usually caused by modded entities declaring methods that have a return type or parameter type that is annotated with @Environment(value=EnvType.CLIENT). Loading the type is not possible, because it only exists in the CLIENT environment. The recommended fix is to annotate the method with this argument or return type with the same annotation. Lithium handles this error by assuming the class cannot be included in some optimizations.
[22:37:31] [Server thread/WARN]: Lithium Class Analysis Error: Class org.betterx.bclib.blocks.BaseBlock cannot be analysed, because getting declared methods crashes with NoClassDefFoundError: net/minecraft/class_793. This is usually caused by modded entities declaring methods that have a return type or parameter type that is annotated with @Environment(value=EnvType.CLIENT). Loading the type is not possible, because it only exists in the CLIENT environment. The recommended fix is to annotate the method with this argument or return type with the same annotation. Lithium handles this error by assuming the class cannot be included in some optimizations.
[22:37:31] [Server thread/WARN]: Lithium Class Analysis Error: Class org.betterx.bclib.blocks.BaseBlock cannot be analysed, because getting declared methods crashes with NoClassDefFoundError: net/minecraft/class_793. This is usually caused by modded entities declaring methods that have a return type or parameter type that is annotated with @Environment(value=EnvType.CLIENT). Loading the type is not possible, because it only exists in the CLIENT environment. The recommended fix is to annotate the method with this argument or return type with the same annotation. Lithium handles this error by assuming the class cannot be included in some optimizations.
[22:37:31] [Server thread/WARN]: Lithium Class Analysis Error: Class org.betterx.bclib.blocks.BaseBlock cannot be analysed, because getting declared methods crashes with NoClassDefFoundError: net/minecraft/class_793. This is usually caused by modded entities declaring methods that have a return type or parameter type that is annotated with @Environment(value=EnvType.CLIENT). Loading the type is not possible, because it only exists in the CLIENT environment. The recommended fix is to annotate the method with this argument or return type with the same annotation. Lithium handles this error by assuming the class cannot be included in some optimizations.
[22:37:31] [Server thread/WARN]: Lithium Class Analysis Error: Class org.betterx.bclib.blocks.BaseBlock cannot be analysed, because getting declared methods crashes with NoClassDefFoundError: net/minecraft/class_793. This is usually caused by modded entities declaring methods that have a return type or parameter type that is annotated with @Environment(value=EnvType.CLIENT). Loading the type is not possible, because it only exists in the CLIENT environment. The recommended fix is to annotate the method with this argument or return type with the same annotation. Lithium handles this error by assuming the class cannot be included in some optimizations.
[22:37:31] [Server thread/WARN]: Lithium Class Analysis Error: Class org.betterx.bclib.blocks.BaseBlock cannot be analysed, because getting declared methods crashes with NoClassDefFoundError: net/minecraft/class_793. This is usually caused by modded entities declaring methods that have a return type or parameter type that is annotated with @Environment(value=EnvType.CLIENT). Loading the type is not possible, because it only exists in the CLIENT environment. The recommended fix is to annotate the method with this argument or return type with the same annotation. Lithium handles this error by assuming the class cannot be included in some optimizations.
[22:37:31] [Server thread/WARN]: Lithium Class Analysis Error: Class org.betterx.bclib.blocks.BaseBlock cannot be analysed, because getting declared methods crashes with NoClassDefFoundError: net/minecraft/class_793. This is usually caused by modded entities declaring methods that have a return type or parameter type that is annotated with @Environment(value=EnvType.CLIENT). Loading the type is not possible, because it only exists in the CLIENT environment. The recommended fix is to annotate the method with this argument or return type with the same annotation. Lithium handles this error by assuming the class cannot be included in some optimizations.
[22:37:31] [Server thread/WARN]: Lithium Class Analysis Error: Class org.betterx.bclib.blocks.BaseBlock cannot be analysed, because getting declared methods crashes with NoClassDefFoundError: net/minecraft/class_793. This is usually caused by modded entities declaring methods that have a return type or parameter type that is annotated with @Environment(value=EnvType.CLIENT). Loading the type is not possible, because it only exists in the CLIENT environment. The recommended fix is to annotate the method with this argument or return type with the same annotation. Lithium handles this error by assuming the class cannot be included in some optimizations.
[22:37:31] [Server thread/WARN]: Lithium Class Analysis Error: Class org.betterx.bclib.blocks.BaseBlock cannot be analysed, because getting declared methods crashes with NoClassDefFoundError: net/minecraft/class_793. This is usually caused by modded entities declaring methods that have a return type or parameter type that is annotated with @Environment(value=EnvType.CLIENT). Loading the type is not possible, because it only exists in the CLIENT environment. The recommended fix is to annotate the method with this argument or return type with the same annotation. Lithium handles this error by assuming the class cannot be included in some optimizations.
[22:37:31] [Server thread/WARN]: Lithium Class Analysis Error: Class org.betterx.bclib.blocks.BaseBlock cannot be analysed, because getting declared methods crashes with NoClassDefFoundError: net/minecraft/class_793. This is usually caused by modded entities declaring methods that have a return type or parameter type that is annotated with @Environment(value=EnvType.CLIENT). Loading the type is not possible, because it only exists in the CLIENT environment. The recommended fix is to annotate the method with this argument or return type with the same annotation. Lithium handles this error by assuming the class cannot be included in some optimizations.
[22:37:31] [Server thread/WARN]: Lithium Class Analysis Error: Class org.betterx.bclib.blocks.BaseBlock cannot be analysed, because getting declared methods crashes with NoClassDefFoundError: net/minecraft/class_793. This is usually caused by modded entities declaring methods that have a return type or parameter type that is annotated with @Environment(value=EnvType.CLIENT). Loading the type is not possible, because it only exists in the CLIENT environment. The recommended fix is to annotate the method with this argument or return type with the same annotation. Lithium handles this error by assuming the class cannot be included in some optimizations.
[22:37:31] [Server thread/WARN]: Lithium Class Analysis Error: Class org.betterx.bclib.blocks.BaseBlock cannot be analysed, because getting declared methods crashes with NoClassDefFoundError: net/minecraft/class_793. This is usually caused by modded entities declaring methods that have a return type or parameter type that is annotated with @Environment(value=EnvType.CLIENT). Loading the type is not possible, because it only exists in the CLIENT environment. The recommended fix is to annotate the method with this argument or return type with the same annotation. Lithium handles this error by assuming the class cannot be included in some optimizations.
[22:37:31] [Server thread/WARN]: Lithium Class Analysis Error: Class org.betterx.bclib.blocks.BaseBlock cannot be analysed, because getting declared methods crashes with NoClassDefFoundError: net/minecraft/class_793. This is usually caused by modded entities declaring methods that have a return type or parameter type that is annotated with @Environment(value=EnvType.CLIENT). Loading the type is not possible, because it only exists in the CLIENT environment. The recommended fix is to annotate the method with this argument or return type with the same annotation. Lithium handles this error by assuming the class cannot be included in some optimizations.
[22:37:31] [Server thread/WARN]: Lithium Class Analysis Error: Class org.betterx.bclib.blocks.BaseBlock cannot be analysed, because getting declared methods crashes with NoClassDefFoundError: net/minecraft/class_793. This is usually caused by modded entities declaring methods that have a return type or parameter type that is annotated with @Environment(value=EnvType.CLIENT). Loading the type is not possible, because it only exists in the CLIENT environment. The recommended fix is to annotate the method with this argument or return type with the same annotation. Lithium handles this error by assuming the class cannot be included in some optimizations.
[22:37:31] [Server thread/WARN]: Lithium Class Analysis Error: Class org.betterx.bclib.blocks.BaseBlock cannot be analysed, because getting declared methods crashes with NoClassDefFoundError: net/minecraft/class_793. This is usually caused by modded entities declaring methods that have a return type or parameter type that is annotated with @Environment(value=EnvType.CLIENT). Loading the type is not possible, because it only exists in the CLIENT environment. The recommended fix is to annotate the method with this argument or return type with the same annotation. Lithium handles this error by assuming the class cannot be included in some optimizations.
[22:37:31] [Server thread/WARN]: Lithium Class Analysis Error: Class org.betterx.bclib.blocks.BaseBlock cannot be analysed, because getting declared methods crashes with NoClassDefFoundError: net/minecraft/class_793. This is usually caused by modded entities declaring methods that have a return type or parameter type that is annotated with @Environment(value=EnvType.CLIENT). Loading the type is not possible, because it only exists in the CLIENT environment. The recommended fix is to annotate the method with this argument or return type with the same annotation. Lithium handles this error by assuming the class cannot be included in some optimizations.
[22:37:34] [Server thread/WARN]: Lithium Class Analysis Error: Class org.betterx.bclib.blocks.BaseBlock cannot be analysed, because getting declared methods crashes with NoClassDefFoundError: net/minecraft/class_793. This is usually caused by modded entities declaring methods that have a return type or parameter type that is annotated with @Environment(value=EnvType.CLIENT). Loading the type is not possible, because it only exists in the CLIENT environment. The recommended fix is to annotate the method with this argument or return type with the same annotation. Lithium handles this error by assuming the class cannot be included in some optimizations.
[22:37:34] [Server thread/WARN]: Lithium Class Analysis Error: Class org.betterx.bclib.blocks.BaseBlock cannot be analysed, because getting declared methods crashes with NoClassDefFoundError: net/minecraft/class_793. This is usually caused by modded entities declaring methods that have a return type or parameter type that is annotated with @Environment(value=EnvType.CLIENT). Loading the type is not possible, because it only exists in the CLIENT environment. The recommended fix is to annotate the method with this argument or return type with the same annotation. Lithium handles this error by assuming the class cannot be included in some optimizations.
[22:37:35] [Server thread/WARN]: Lithium Class Analysis Error: Class org.betterx.bclib.blocks.BaseBlock cannot be analysed, because getting declared methods crashes with NoClassDefFoundError: net/minecraft/class_793. This is usually caused by modded entities declaring methods that have a return type or parameter type that is annotated with @Environment(value=EnvType.CLIENT). Loading the type is not possible, because it only exists in the CLIENT environment. The recommended fix is to annotate the method with this argument or return type with the same annotation. Lithium handles this error by assuming the class cannot be included in some optimizations.
[22:37:35] [Worker-Main-2/WARN]: Lithium Class Analysis Error: Class org.betterx.betterend.blocks.basis.StoneLanternBlock cannot be analysed, because getting declared methods crashes with NoClassDefFoundError: net/minecraft/class_326. This is usually caused by modded entities declaring methods that have a return type or parameter type that is annotated with @Environment(value=EnvType.CLIENT). Loading the type is not possible, because it only exists in the CLIENT environment. The recommended fix is to annotate the method with this argument or return type with the same annotation. Lithium handles this error by assuming the class cannot be included in some optimizations.
[22:37:35] [Worker-Main-2/WARN]: Lithium Class Analysis Error: Class org.betterx.bclib.blocks.BaseBlock cannot be analysed, because getting declared methods crashes with NoClassDefFoundError: net/minecraft/class_793. This is usually caused by modded entities declaring methods that have a return type or parameter type that is annotated with @Environment(value=EnvType.CLIENT). Loading the type is not possible, because it only exists in the CLIENT environment. The recommended fix is to annotate the method with this argument or return type with the same annotation. Lithium handles this error by assuming the class cannot be included in some optimizations.
[22:37:35] [Worker-Main-2/WARN]: Lithium Class Analysis Error: Class org.betterx.bclib.blocks.BaseBlock cannot be analysed, because getting declared methods crashes with NoClassDefFoundError: net/minecraft/class_793. This is usually caused by modded entities declaring methods that have a return type or parameter type that is annotated with @Environment(value=EnvType.CLIENT). Loading the type is not possible, because it only exists in the CLIENT environment. The recommended fix is to annotate the method with this argument or return type with the same annotation. Lithium handles this error by assuming the class cannot be included in some optimizations.
[22:37:35] [Worker-Main-2/WARN]: Lithium Class Analysis Error: Class org.betterx.bclib.blocks.BaseBlock cannot be analysed, because getting declared methods crashes with NoClassDefFoundError: net/minecraft/class_793. This is usually caused by modded entities declaring methods that have a return type or parameter type that is annotated with @Environment(value=EnvType.CLIENT). Loading the type is not possible, because it only exists in the CLIENT environment. The recommended fix is to annotate the method with this argument or return type with the same annotation. Lithium handles this error by assuming the class cannot be included in some optimizations.
[22:37:35] [Worker-Main-2/WARN]: Lithium Class Analysis Error: Class org.betterx.bclib.blocks.BaseBlock cannot be analysed, because getting declared methods crashes with NoClassDefFoundError: net/minecraft/class_793. This is usually caused by modded entities declaring methods that have a return type or parameter type that is annotated with @Environment(value=EnvType.CLIENT). Loading the type is not possible, because it only exists in the CLIENT environment. The recommended fix is to annotate the method with this argument or return type with the same annotation. Lithium handles this error by assuming the class cannot be included in some optimizations.
[22:37:36] [Server thread/WARN]: Lithium Class Analysis Error: Class org.betterx.bclib.blocks.BaseBlock cannot be analysed, because getting declared methods crashes with NoClassDefFoundError: net/minecraft/class_793. This is usually caused by modded entities declaring methods that have a return type or parameter type that is annotated with @Environment(value=EnvType.CLIENT). Loading the type is not possible, because it only exists in the CLIENT environment. The recommended fix is to annotate the method with this argument or return type with the same annotation. Lithium handles this error by assuming the class cannot be included in some optimizations.
[22:37:37] [Server thread/WARN]: Lithium Class Analysis Error: Class org.betterx.bclib.blocks.BaseBlock cannot be analysed, because getting declared methods crashes with NoClassDefFoundError: net/minecraft/class_793. This is usually caused by modded entities declaring methods that have a return type or parameter type that is annotated with @Environment(value=EnvType.CLIENT). Loading the type is not possible, because it only exists in the CLIENT environment. The recommended fix is to annotate the method with this argument or return type with the same annotation. Lithium handles this error by assuming the class cannot be included in some optimizations.
[22:37:37] [Server thread/WARN]: Lithium Class Analysis Error: Class org.betterx.bclib.blocks.BaseBlock cannot be analysed, because getting declared methods crashes with NoClassDefFoundError: net/minecraft/class_793. This is usually caused by modded entities declaring methods that have a return type or parameter type that is annotated with @Environment(value=EnvType.CLIENT). Loading the type is not possible, because it only exists in the CLIENT environment. The recommended fix is to annotate the method with this argument or return type with the same annotation. Lithium handles this error by assuming the class cannot be included in some optimizations.
[22:37:37] [Server thread/WARN]: Lithium Class Analysis Error: Class org.betterx.bclib.blocks.BaseBlock cannot be analysed, because getting declared methods crashes with NoClassDefFoundError: net/minecraft/class_793. This is usually caused by modded entities declaring methods that have a return type or parameter type that is annotated with @Environment(value=EnvType.CLIENT). Loading the type is not possible, because it only exists in the CLIENT environment. The recommended fix is to annotate the method with this argument or return type with the same annotation. Lithium handles this error by assuming the class cannot be included in some optimizations.
[22:37:37] [Server thread/WARN]: Lithium Class Analysis Error: Class org.betterx.bclib.blocks.BaseBlock cannot be analysed, because getting declared methods crashes with NoClassDefFoundError: net/minecraft/class_793. This is usually caused by modded entities declaring methods that have a return type or parameter type that is annotated with @Environment(value=EnvType.CLIENT). Loading the type is not possible, because it only exists in the CLIENT environment. The recommended fix is to annotate the method with this argument or return type with the same annotation. Lithium handles this error by assuming the class cannot be included in some optimizations.
[22:37:40] [Server thread/WARN]: Lithium Class Analysis Error: Class org.betterx.bclib.blocks.BaseBlock cannot be analysed, because getting declared methods crashes with NoClassDefFoundError: net/minecraft/class_793. This is usually caused by modded entities declaring methods that have a return type or parameter type that is annotated with @Environment(value=EnvType.CLIENT). Loading the type is not possible, because it only exists in the CLIENT environment. The recommended fix is to annotate the method with this argument or return type with the same annotation. Lithium handles this error by assuming the class cannot be included in some optimizations.
[22:37:40] [Server thread/WARN]: Lithium Class Analysis Error: Class org.betterx.bclib.blocks.BaseBlock cannot be analysed, because getting declared methods crashes with NoClassDefFoundError: net/minecraft/class_793. This is usually caused by modded entities declaring methods that have a return type or parameter type that is annotated with @Environment(value=EnvType.CLIENT). Loading the type is not possible, because it only exists in the CLIENT environment. The recommended fix is to annotate the method with this argument or return type with the same annotation. Lithium handles this error by assuming the class cannot be included in some optimizations.
[22:37:40] [Server thread/WARN]: Lithium Class Analysis Error: Class org.betterx.bclib.blocks.BaseBlock cannot be analysed, because getting declared methods crashes with NoClassDefFoundError: net/minecraft/class_793. This is usually caused by modded entities declaring methods that have a return type or parameter type that is annotated with @Environment(value=EnvType.CLIENT). Loading the type is not possible, because it only exists in the CLIENT environment. The recommended fix is to annotate the method with this argument or return type with the same annotation. Lithium handles this error by assuming the class cannot be included in some optimizations.
[22:37:40] [Server thread/WARN]: Lithium Class Analysis Error: Class org.betterx.bclib.blocks.BaseBlock cannot be analysed, because getting declared methods crashes with NoClassDefFoundError: net/minecraft/class_793. This is usually caused by modded entities declaring methods that have a return type or parameter type that is annotated with @Environment(value=EnvType.CLIENT). Loading the type is not possible, because it only exists in the CLIENT environment. The recommended fix is to annotate the method with this argument or return type with the same annotation. Lithium handles this error by assuming the class cannot be included in some optimizations.
[22:37:40] [Server thread/WARN]: Lithium Class Analysis Error: Class org.betterx.bclib.blocks.BaseBlock cannot be analysed, because getting declared methods crashes with NoClassDefFoundError: net/minecraft/class_793. This is usually caused by modded entities declaring methods that have a return type or parameter type that is annotated with @Environment(value=EnvType.CLIENT). Loading the type is not possible, because it only exists in the CLIENT environment. The recommended fix is to annotate the method with this argument or return type with the same annotation. Lithium handles this error by assuming the class cannot be included in some optimizations.
[22:37:40] [Server thread/WARN]: Lithium Class Analysis Error: Class org.betterx.bclib.blocks.BaseBlock cannot be analysed, because getting declared methods crashes with NoClassDefFoundError: net/minecraft/class_793. This is usually caused by modded entities declaring methods that have a return type or parameter type that is annotated with @Environment(value=EnvType.CLIENT). Loading the type is not possible, because it only exists in the CLIENT environment. The recommended fix is to annotate the method with this argument or return type with the same annotation. Lithium handles this error by assuming the class cannot be included in some optimizations.
[22:38:02] [Server thread/INFO]: [liamsitol: Teleported liamsitol to -461.500000, 68.500000, 2461.500000]
[22:38:15] [Server thread/WARN]: Can't keep up! Is the server overloaded? Running 2017ms or 40 ticks behind
[22:38:22] [Worker-Main-2/WARN]: Integrated API: Empty or nonexistent pool: integrated_villages:cabin_village/deco/farm2_bottom which is being called from not a SinglePoolElement class
[22:38:22] [Worker-Main-2/WARN]: Integrated API: Empty or nonexistent pool: integrated_villages:cabin_village/deco/farm3_bottom which is being called from not a SinglePoolElement class
[22:38:22] [Worker-Main-2/WARN]: Integrated API: Empty or nonexistent pool: integrated_villages:cabin_village/deco/farm1_bottom which is being called from not a SinglePoolElement class
[22:38:33] [Server thread/WARN]: Can't keep up! Is the server overloaded? Running 2035ms or 40 ticks behind
[22:38:39] [Server thread/INFO]: [liamsitol: Teleported liamsitol to -620.500000, 110.500000, 542.500000]
[22:38:40] [Server thread/INFO]: [zxymatthewyxz: Teleported zxymatthewyxz to -638.500000, 111.500000, 535.500000]
[22:38:58] [Server thread/INFO]: [zxymatthewyxz: Teleported zxymatthewyxz to -134.500000, 79.500000, 1800.500000]
